section,key,english,malayalam,notes
# === META & WORKSHOP ===,,,,
meta,meta.title,One Health · NNHC,വൺ ഹെൽത്ത് · NNHC,"Page title; keep ""NNHC"" untranslated"
meta,meta.tagline,"Care delivered closer to home, supported by the neighbourhood that surrounds it.","വീടിനടുത്ത് പരിചരണം നൽകുന്നു, ചുറ്റുമുള്ള അയൽപക്കത്തിന്റെ പിന്തുണയോടെ.",
meta,meta.convenedBy,IMA Cochin,ഐഎംഎ കൊച്ചിൻ,Keep as proper noun
meta,meta.venue,"IMA House, Cochin","ഐഎംഎ ഹൗസ്, കൊച്ചി",Keep proper nouns
meta,meta.status,Vision endorsed at the Visioning Workshop,വിഷനിംഗ് വർക്ക്‌ഷോപ്പിൽ ദർശനം അംഗീകരിച്ചു,
meta,meta.workshopLabel,Visioning Workshop,വിഷനിംഗ് വർക്ക്‌ഷോപ്പ്,Used in nav pill + footer
# === NAV ROUTES ===,,,,
nav,nav.model,Vision & Model,ദർശനവും മാതൃകയും,
nav,nav.mission,Mission,ദൗത്യം,
nav,nav.roadmap,Roadmap,റോഡ്മാപ്പ്,
nav,nav.voices,Voices,ശബ്ദങ്ങൾ,
nav,nav.engage,Engage,ഇടപെടുക,
nav,nav.about,About,കുറിച്ച്,
nav,nav.contact,Contact,ബന്ധപ്പെടുക,Primary CTA in nav
nav,nav.engageCta,Engage with NNHC,എൻ‌എൻ‌എച്ച്‌സിയുമായി ഇടപഴകുക,Mobile menu primary CTA
nav,nav.contactUs,Contact us,ഞങ്ങളെ സമീപിക്കുക,Mobile + footer secondary CTA
nav,nav.brandSubtitle,Neighbourhood Network in Health Care,ആരോഗ്യ പരിപാലനത്തിലെ അയൽപക്ക ശൃംഖല,Subtitle next to logo on desktop
nav,nav.openMenu,Open menu,മെനു തുറക്കുക,Mobile menu aria-label
nav,nav.closeMenu,Close menu,മെനു അടയ്ക്കുക,Mobile menu aria-label
nav,nav.skipToContent,Skip to content,ഉള്ളടക്കത്തിലേക്ക് പോകുക,Accessibility skip link
nav,nav.language,Language,ഭാഷ,Mobile menu language section heading
# === FOOTER ===,,,,
footer,footer.colophon,Colophon,കൊളോഫോൺ,
footer,footer.tagline,A foundational step toward a community-driven healthcare system.,സമൂഹം നയിക്കുന്ന ആരോഗ്യ സംരക്ഷണ സംവിധാനത്തിലേക്കുള്ള ഒരു അടിസ്ഥാന ചുവടുവയ്പ്പ്.,"Italicise ""community-driven"""
footer,footer.sectionsHeading,Sections,വിഭാഗങ്ങൾ,
footer,footer.moreHeading,More,കൂടുതൽ,
footer,footer.aboutFaq,About + FAQ,+ പതിവുചോദ്യങ്ങളെക്കുറിച്ച്,Link label
footer,footer.metaConvened,Convened,വിളിച്ചുകൂട്ടി,"Label for ""IMA Cochin"""
footer,footer.metaWorkshop,Workshop,വർക്ക്‌ഷോപ്പ്,Label for date
footer,footer.metaVenue,Venue,വേദി,"Label for ""IMA House, Cochin"""
footer,footer.metaDocument,Document,പ്രമാണം,"Label for ""v1.0"""
footer,footer.copyright,© {year} NNHC · One Health initiative · Maintained by IMA Cochin.,© {വർഷം} NNHC · വൺ ഹെൽത്ത് സംരംഭം · IMA കൊച്ചിൻ പരിപാലിക്കുന്നു.,"{year} dynamic; keep ""NNHC"" and ""IMA Cochin"" untranslated"
footer,footer.workshopLine,VISIONING WORKSHOP · {date},വിഷനിംഗ് വർക്ക്‌ഷോപ്പ് · {date},All-caps tracking label
# === HOME · HERO ===,,,,
home,home.hero.line1,"Care at home,","വീട്ടിൽ പരിചരണം,",Hero headline line 1
home,home.hero.line2,supported by your,നിങ്ങളുടെ പിന്തുണയോടെ,Hero headline line 2
home,home.hero.line2Italic,neighbourhood.,അയൽപ്പക്കം.,Hero italic accent word
home,home.hero.lede,"The Neighbourhood Network in Health Care is a community-led, home-based healthcare system. It empowers neighbourhoods, restores the family doctor, and brings continuous care to where people actually live.","ആരോഗ്യ പരിപാലനത്തിലെ അയൽപക്ക ശൃംഖല, സമൂഹം നയിക്കുന്ന, വീടുകളിൽ പ്രവർത്തിക്കുന്ന ഒരു ആരോഗ്യ സംരക്ഷണ സംവിധാനമാണ്. ഇത് അയൽപക്കങ്ങളെ ശാക്തീകരിക്കുകയും, കുടുംബ ഡോക്ടറെ പുനഃസ്ഥാപിക്കുകയും, ആളുകൾ യഥാർത്ഥത്തിൽ താമസിക്കുന്നിടത്തേക്ക് തുടർച്ചയായ പരിചരണം നൽകുകയും ചെയ്യുന്നു.","Italicise ""family doctor"""
home,home.hero.ctaPrimary,Read the vision,ദർശനം വായിക്കുക.,Primary hero CTA button
home,home.hero.ctaSecondary,How to engage,എങ്ങനെ ഇടപെടാം,Secondary hero CTA button
home,home.hero.statStakeholders,Stakeholders convened,പങ്കാളികളെ വിളിച്ചുകൂട്ടി,Stat label (value 30+)
home,home.hero.statTracks,Mission tracks,മിഷൻ ട്രാക്കുകൾ,Stat label (value 5)
home,home.hero.statSections,Vision sections,ദർശന വിഭാഗങ്ങൾ,Stat label (value 7)
home,home.hero.statNeighbourhood,Neighbourhood at a time,ഒരു സമയത്ത് അയൽപക്കം,Stat label (value 1)
# === HOME · FRICTIONS ===,,,,
home,home.frictions.kicker,The Problem,പ്രശ്നം,
home,home.frictions.titleLine1,Your healthcare isn't broken.,നിങ്ങളുടെ ആരോഗ്യ സംരക്ഷണം തകർന്നിട്ടില്ല.,
home,home.frictions.titleLine2,It's broken apart.,അത് തകർന്നു.,"Italicise ""apart"""
home,home.frictions.lede,"Five frictions came up in every room, across every stakeholder group. We refuse to design around any of them.","ഓരോ മുറിയിലും, ഓരോ പങ്കാളി ഗ്രൂപ്പിലും അഞ്ച് സംഘർഷങ്ങൾ ഉയർന്നുവന്നു. അവയിൽ ഏതെങ്കിലുമൊന്നിന് ചുറ്റും രൂപകൽപ്പന ചെയ്യാൻ ഞങ്ങൾ വിസമ്മതിക്കുന്നു.",
home,home.frictions.1.kicker,Capacity,ശേഷി,
home,home.frictions.1.title,Hospitals are overwhelmed,ആശുപത്രികൾ നിറഞ്ഞുകവിഞ്ഞിരിക്കുന്നു,
home,home.frictions.1.synopsis,Tertiary beds carry conditions that belong at home.,മൂന്നാമത്തെ കിടക്കകൾ വീട്ടിൽ തന്നെയുള്ള സാഹചര്യങ്ങൾ വഹിക്കുന്നു.,
home,home.frictions.1.body,"Specialist hospitals are absorbing routine, manageable conditions because the layer beneath them has thinned out. Beds meant for surgery and intensive care fill with diabetes follow-ups and chronic wounds - spending the system's scarcest capacity on work it was never designed for.","സ്പെഷ്യലിസ്റ്റ് ആശുപത്രികൾക്ക് താഴെയുള്ള പാളി നേർത്തു പോയതിനാൽ, അവ പതിവ്, കൈകാര്യം ചെയ്യാവുന്ന സാഹചര്യങ്ങളെ ആഗിരണം ചെയ്യുന്നു. ശസ്ത്രക്രിയയ്ക്കും തീവ്രപരിചരണത്തിനുമുള്ള കിടക്കകൾ പ്രമേഹ ഫോളോ-അപ്പുകളും വിട്ടുമാറാത്ത മുറിവുകളും കൊണ്ട് നിറഞ്ഞിരിക്കുന്നു - സിസ്റ്റത്തിന്റെ ഏറ്റവും കുറഞ്ഞ ശേഷി ഒരിക്കലും രൂപകൽപ്പന ചെയ്തിട്ടില്ലാത്ത ജോലികൾക്കായി ചെലവഴിക്കുന്നു.",
home,home.frictions.2.kicker,Continuity,തുടർച്ച,
home,home.frictions.2.title,The family doctor is missing,കുടുംബ ഡോക്ടറെ കാണാനില്ല.,
home,home.frictions.2.synopsis,Episodic visits replaced the longitudinal relationship.,എപ്പിസോഡിക് സന്ദർശനങ്ങൾ ദീർഘകാല ബന്ധത്തെ മാറ്റിസ്ഥാപിച്ചു.,
home,home.frictions.2.body,"The clinician who knew a household across years - births, bereavements, the slow drift of a blood pressure reading - has been replaced by a stream of one-off encounters. Each visit starts from zero. Context, memory, and judgement that used to compound now reset every time.","വർഷങ്ങളായി ഒരു കുടുംബത്തെ അറിയാമായിരുന്ന ക്ലിനീഷ്യൻ - ജനനങ്ങൾ, മരണങ്ങൾ, രക്തസമ്മർദ്ദ വായനയുടെ സാവധാനത്തിലുള്ള വ്യതിയാനം - ഇപ്പോൾ ഒറ്റത്തവണയുള്ള കണ്ടുമുട്ടലുകളുടെ ഒരു പ്രവാഹത്താൽ മാറ്റിസ്ഥാപിക്കപ്പെട്ടിരിക്കുന്നു. ഓരോ സന്ദർശനവും പൂജ്യത്തിൽ നിന്നാണ് ആരംഭിക്കുന്നത്. മുമ്പ് സങ്കീർണ്ണമാക്കിയിരുന്ന സന്ദർഭം, ഓർമ്മ, വിധിന്യായം എന്നിവ ഇപ്പോൾ ഓരോ തവണയും പുനഃസജ്ജീകരിക്കപ്പെടുന്നു.",
home,home.frictions.3.kicker,Geography,ഭൂമിശാസ്ത്രം,
home,home.frictions.3.title,Care is geographically uneven,പരിചരണം ഭൂമിശാസ്ത്രപരമായി അസമമാണ്.,
home,home.frictions.3.synopsis,Postcode still decides the standard of care.,പരിചരണത്തിന്റെ നിലവാരം ഇപ്പോഴും തീരുമാനിക്കുന്നത് പോസ്റ്റ് കോഡാണ്.,
home,home.frictions.3.body,"Two families three kilometres apart can receive entirely different care for the same condition - different drugs, different waits, different outcomes. The unevenness isn't just rural versus urban; it lives between neighbouring wards, between one panchayat and the next.","മൂന്ന് കിലോമീറ്റർ അകലെയുള്ള രണ്ട് കുടുംബങ്ങൾക്ക് ഒരേ അവസ്ഥയ്ക്ക് തികച്ചും വ്യത്യസ്തമായ പരിചരണം ലഭിക്കും - വ്യത്യസ്ത മരുന്നുകൾ, വ്യത്യസ്ത കാത്തിരിപ്പുകൾ, വ്യത്യസ്ത ഫലങ്ങൾ. ഗ്രാമപ്രദേശങ്ങളും നഗരപ്രദേശങ്ങളും മാത്രമല്ല ഈ അസമത്വം; അയൽ വാർഡുകൾക്കിടയിലും ഒരു പഞ്ചായത്തിനും അടുത്ത പഞ്ചായത്തിനും ഇടയിലാണ് ഇത് നിലനിൽക്കുന്നത്.","Keep ""panchayat"" untranslated"
home,home.frictions.4.kicker,Cost,ചെലവ്,
home,home.frictions.4.title,Costs spiral with no upper bound,ഉയർന്ന പരിധിയില്ലാത്ത ചെലവുകൾ സർപ്പിളമാണ്,
home,home.frictions.4.synopsis,Out-of-pocket spend pushes households into poverty.,പോക്കറ്റിൽ നിന്ന് പണം ചെലവഴിക്കുന്നത് കുടുംബങ്ങളെ ദാരിദ്ര്യത്തിലേക്ക് തള്ളിവിടുന്നു.,
home,home.frictions.4.body,"Indian households still pay for most of their healthcare directly, at the point of use. A single hospitalisation can wipe out a year of savings; a chronic condition can quietly drain a generation of them. Financial protection remains the exception, not the rule.","ഇന്ത്യൻ കുടുംബങ്ങൾ ഇപ്പോഴും അവരുടെ ആരോഗ്യ സംരക്ഷണത്തിന്റെ ഭൂരിഭാഗവും നേരിട്ട്, ഉപയോഗ സമയത്ത് തന്നെ വഹിക്കുന്നു. ഒരൊറ്റ ആശുപത്രിയിൽ പ്രവേശനം ഒരു വർഷത്തെ സമ്പാദ്യം ഇല്ലാതാക്കും; ഒരു വിട്ടുമാറാത്ത രോഗം അവരുടെ ഒരു തലമുറയെ നിശബ്ദമായി ചോർത്തിക്കളയും. സാമ്പത്തിക സംരക്ഷണം ഒരു അപവാദമായി തുടരുന്നു, നിയമമല്ല.",
home,home.frictions.5.kicker,Tooling,ഉപകരണങ്ങൾ നിർമ്മിക്കൽ,
home,home.frictions.5.title,Technology is fragmented,സാങ്കേതികവിദ്യ വിഘടിച്ചിരിക്കുന്നു,
home,home.frictions.5.synopsis,Records live in silos. Devices don't talk.,റെക്കോർഡുകൾ സിലോകളിൽ തങ്ങിനിൽക്കുന്നു. ഉപകരണങ്ങൾ സംസാരിക്കുന്നില്ല.,
home,home.frictions.5.body,"Hospital EMRs, lab systems, pharmacy records, and home-care apps each hold a slice of the truth and refuse to share. Patients carry paper between specialists who never meet, and clinicians make decisions on whichever fragment they can see.","ആശുപത്രി ഇ.എം.ആറുകൾ, ലാബ് സംവിധാനങ്ങൾ, ഫാർമസി രേഖകൾ, ഹോം-കെയർ ആപ്പുകൾ എന്നിവയിൽ ഓരോന്നും സത്യത്തിന്റെ ഒരു ഭാഗം ഉൾക്കൊള്ളുകയും പങ്കിടാൻ വിസമ്മതിക്കുകയും ചെയ്യുന്നു. ഒരിക്കലും കണ്ടുമുട്ടാത്ത സ്പെഷ്യലിസ്റ്റുകൾക്കിടയിൽ രോഗികൾ പേപ്പർ കൊണ്ടുപോകുന്നു, കൂടാതെ ഡോക്ടർമാർ അവർക്ക് കാണാൻ കഴിയുന്ന ഏത് ഭാഗത്തെക്കുറിച്ചും തീരുമാനങ്ങൾ എടുക്കുന്നു.","Keep ""EMR"" untranslated"
# === HOME · TESTIMONIALS ===,,,,
home,home.testimonies.kicker,Testimony,സാക്ഷ്യം,
home,home.testimonies.titleLine1,Vision echoed by,ദർശനം പ്രതിധ്വനിച്ചത്,
home,home.testimonies.titleLine2,society leaders.,സമൂഹ നേതാക്കൾ.,"Italicise ""leaders"""
home,home.testimonies.1.quote,"Reduce hospital dependency, control healthcare costs, and revive the family doctor system.","ആശുപത്രി ആശ്രിതത്വം കുറയ്ക്കുക, ആരോഗ്യ സംരക്ഷണ ചെലവുകൾ നിയന്ത്രിക്കുക, കുടുംബ ഡോക്ടർ സംവിധാനത്തെ പുനരുജ്ജീവിപ്പിക്കുക.",
home,home.testimonies.2.quote,The neighbourhood is the smallest unit at which trust still exists at scale. Build there.,വിശ്വാസം ഇപ്പോഴും വലിയ തോതിൽ നിലനിൽക്കുന്ന ഏറ്റവും ചെറിയ യൂണിറ്റാണ് അയൽപക്കം. അവിടെ കെട്ടിപ്പടുക്കുക.,
home,home.testimonies.3.quote,We don't need another vertical. We need a horizontal that connects what already exists.,നമുക്ക് മറ്റൊരു ലംബ രേഖ ആവശ്യമില്ല. നിലവിലുള്ളതിനെ ബന്ധിപ്പിക്കുന്ന ഒരു തിരശ്ചീന രേഖയാണ് നമുക്ക് വേണ്ടത്.,
home,home.testimonies.4.quote,Continuity of care is not a feature. It's the product.,പരിചരണത്തിന്റെ തുടർച്ച ഒരു സവിശേഷതയല്ല. അത് ഉൽപ്പന്നമാണ്.,
home,home.testimonies.seeAll,See all voices,എല്ലാ ശബ്ദങ്ങളും കാണുക,Link label
home,home.testimonies.filteredBy,Filtered by group,ഗ്രൂപ്പ് അനുസരിച്ച് ഫിൽട്ടർ ചെയ്‌തു,
# === HOME · PRINCIPLES ===,,,,
home,home.principles.kicker,Principles,തത്വങ്ങൾ,
home,home.principles.titleLine1,Five things we,അഞ്ച് കാര്യങ്ങൾ നമ്മൾ,
home,home.principles.titleLine1Italic,refuse,നിരസിക്കുക,Italic accent word
home,home.principles.titleLine2,to lose.,തോൽക്കാൻ.,
home,home.principles.lede,Every architectural decision the network makes is tested against these. They are the floor - not the ceiling.,നെറ്റ്‌വർക്ക് എടുക്കുന്ന ഓരോ വാസ്തുവിദ്യാ തീരുമാനവും ഇവയ്‌ക്കെതിരെ പരീക്ഷിക്കപ്പെടുന്നു. അവ തറയാണ് - സീലിംഗല്ല.,
# === HOME · TOC ===,,,,
home,home.toc.kicker,Front Matter,പ്രധാന കാര്യം,
home,home.toc.titlePrefix,Where would you like to,നിങ്ങൾക്ക് എവിടെയാണ് ഇഷ്ടം?,
home,home.toc.titleItalic,begin,ആരംഭിക്കുന്നു,Italic word at end of question
home,home.toc.section1.title,Vision & Model,ദർശനവും മാതൃകയും,
home,home.toc.section1.note,"A continuous fabric of care, organised around five stakeholder groups.",അഞ്ച് പങ്കാളി ഗ്രൂപ്പുകളെ ചുറ്റിപ്പറ്റി സംഘടിപ്പിച്ച തുടർച്ചയായ പരിചരണ ഘടന.,
home,home.toc.section2.title,Mission,ദൗത്യം,
home,home.toc.section2.note,Five tracks that move vision into operation.,ദർശനത്തെ പ്രവർത്തനത്തിലേക്ക് നയിക്കുന്ന അഞ്ച് ട്രാക്കുകൾ.,
home,home.toc.section3.title,Roadmap,റോഡ്മാപ്പ്,
home,home.toc.section3.note,From convening to measurable population impact.,സമ്മേളനം മുതൽ അളക്കാവുന്ന ജനസംഖ്യാ ആഘാതം വരെ.,
home,home.toc.section4.title,Voices,ശബ്ദങ്ങൾ,
home,home.toc.section4.note,The people who showed up - and what they said.,വന്ന ആളുകളും - അവർ പറഞ്ഞതും.,
home,home.toc.section5.title,Engage,ഇടപെടുക,
home,home.toc.section5.note,"Where you fit, and what to do next.","നിങ്ങൾ എവിടെയാണ് യോജിക്കുന്നത്, അടുത്തതായി എന്തുചെയ്യണം.",
home,home.toc.section6.title,About,കുറിച്ച്,
home,home.toc.section6.note,"Challenges, FAQ, and glossary.","വെല്ലുവിളികൾ, പതിവുചോദ്യങ്ങൾ, പദാവലി.",
# === HOME · INSIGHTS ===,,,,
home,home.insights.kicker,From the Workshop,വർക്ക്‌ഷോപ്പിൽ നിന്ന്,
home,home.insights.titleLine1,"Ten themes,","പത്ത് വിഷയങ്ങൾ,",
home,home.insights.titleLine2,one room.,ഒരു മുറി.,Italicise this line
home,home.insights.lede,"Notes from the Visioning Workshop - patterns that recurred across clinicians, policy-makers, technologists, and community leaders.","വിഷനിംഗ് വർക്ക്‌ഷോപ്പിൽ നിന്നുള്ള കുറിപ്പുകൾ - ക്ലിനിക്കുകൾ, നയരൂപീകരണക്കാർ, സാങ്കേതിക വിദഗ്ധർ, കമ്മ്യൂണിറ്റി നേതാക്കൾ എന്നിവരിൽ ആവർത്തിച്ച പാറ്റേണുകൾ.",
# === HOME · ENGAGE CTA ===,,,,
home,home.engageCta.pillLabel,Engage,ഇടപെടുക,
home,home.engageCta.pillCount,06 Pathways,06 പാതകൾ,
home,home.engageCta.titleLine1,Many roles.,നിരവധി വേഷങ്ങൾ.,
home,home.engageCta.titleLine2,Many pathways.,നിരവധി വഴിത്തിരിവുകൾ.,
home,home.engageCta.titleLine3,One network.,ഒരു നെറ്റ്‌വർക്ക്.,Italicise this line
home,home.engageCta.lede,"Clinician, policy-maker, technologist, community organiser, or researcher - there is a clear way in.","ക്ലിനീഷ്യൻ, നയരൂപീകരണ വിദഗ്ദ്ധൻ, സാങ്കേതിക വിദഗ്ദ്ധൻ, കമ്മ്യൂണിറ്റി സംഘാടകൻ, അല്ലെങ്കിൽ ഗവേഷകൻ - ഇവർക്ക് വ്യക്തമായ ഒരു വഴിയുണ്ട്.",
home,home.engageCta.button,Find your pathway,നിങ്ങളുടെ പാത കണ്ടെത്തുക,
# === MODEL PAGE ===,,,,
model,model.meta.title,Vision and Model,ദർശനവും മാതൃകയും,
model,model.meta.description,"The NNHC vision and the Star Model that operationalises it - one continuous fabric of care, five stakeholder groups around one shared centre.","എൻ‌എൻ‌എച്ച്‌സി ദർശനവും അത് പ്രാവർത്തികമാക്കുന്ന നക്ഷത്ര മാതൃകയും - തുടർച്ചയായ പരിചരണത്തിന്റെ ഒരു ഘടന, ഒരു പങ്കിട്ട കേന്ദ്രത്തിന് ചുറ്റും അഞ്ച് പങ്കാളി ഗ്രൂപ്പുകൾ.",
model,model.hero.pillIndex,P1,പി1,
model,model.hero.pillLabel,Vision and operating structure,ദർശനവും പ്രവർത്തന ഘടനയും,
model,model.hero.titlePrefix,A single continuous,തുടർച്ചയായ ഒറ്റത്തവണ,
model,model.hero.titleItalic,fabric of care.,പരിചരണത്തിന്റെ തുണി.,
model,model.hero.lede,"Homes, neighbourhoods, family clinics, hospitals, and community research and training centres operate as one connected system - not five separate domains. Below: the principles that anchor the work, the model that organises it, and the method that puts it into motion.","വീടുകൾ, അയൽപക്കങ്ങൾ, കുടുംബ ക്ലിനിക്കുകൾ, ആശുപത്രികൾ, കമ്മ്യൂണിറ്റി ഗവേഷണ പരിശീലന കേന്ദ്രങ്ങൾ എന്നിവ അഞ്ച് വ്യത്യസ്ത മേഖലകളായിട്ടല്ല - പരസ്പരം ബന്ധിപ്പിച്ച ഒരു സംവിധാനമായിട്ടാണ് പ്രവർത്തിക്കുന്നത്. താഴെപ്പറയുന്നവ: ജോലിയെ നങ്കൂരമിടുന്ന തത്വങ്ങൾ, അത് സംഘടിപ്പിക്കുന്ന മാതൃക, അത് ചലിപ്പിക്കുന്ന രീതി.",
model,model.rail.vision,The vision,ദർശനം,
model,model.rail.principles,Principles,തത്വങ്ങൾ,
model,model.rail.star,Star Model,സ്റ്റാർ മോഡൽ,
model,model.rail.method,Method,രീതി,
model,model.vision.sectionTitle,"One fabric, not five domains.","അഞ്ച് ഡൊമെയ്‌നുകളല്ല, ഒരു തുണി.",
model,model.vision.body1,"The NNHC initiative envisions a healthcare ecosystem where homes, neighbourhoods, family clinics, hospitals, and community research and training centres operate as a single continuous fabric of care.","വീടുകൾ, അയൽപക്കങ്ങൾ, കുടുംബ ക്ലിനിക്കുകൾ, ആശുപത്രികൾ, കമ്മ്യൂണിറ്റി ഗവേഷണ പരിശീലന കേന്ദ്രങ്ങൾ എന്നിവ തുടർച്ചയായ പരിചരണത്തിന്റെ ഒരു ഘടനയായി പ്രവർത്തിക്കുന്ന ഒരു ആരോഗ്യ സംരക്ഷണ ആവാസവ്യവസ്ഥയെയാണ് NNHC സംരംഭം വിഭാവനം ചെയ്യുന്നത്.",
model,model.vision.body2,"The model integrates these layers into one connected system rather than treating each as a separate domain. It works upstream - building health, preventing disease, and revising the structure of primary care so that hospitals are the exception rather than the default.","ഈ പാളികളെ ഓരോന്നിനെയും പ്രത്യേക ഡൊമെയ്‌നായി കണക്കാക്കുന്നതിനുപകരം ഒരൊറ്റ ബന്ധിത സംവിധാനത്തിലേക്ക് സംയോജിപ്പിക്കുന്നതാണ് ഈ മോഡൽ. ആരോഗ്യം കെട്ടിപ്പടുക്കുക, രോഗം തടയുക, പ്രാഥമിക പരിചരണത്തിന്റെ ഘടന പരിഷ്കരിക്കുക എന്നിവയിലൂടെ ആശുപത്രികൾ സ്ഥിരസ്ഥിതിയേക്കാൾ അപവാദമായി മാറുന്നു.",
model,model.vision.asideLabel,Note,കുറിപ്പ്,
model,model.vision.asideTitlePrefix,"What this is, and what it","ഇത് എന്താണ്, എന്താണ്",
model,model.vision.asideTitleItalic,is not.,അല്ല.,
model,model.vision.asideBody,"Kerala's palliative care movement, including IMA Arike, has demonstrated that communities can hold responsibility for end-of-life care. NNHC builds on that proof but answers a different question - where palliative care meets a person at the end of life, NNHC works upstream.","ജീവിതാവസാന പരിചരണത്തിന്റെ ഉത്തരവാദിത്തം സമൂഹങ്ങൾക്ക് വഹിക്കാൻ കഴിയുമെന്ന് കേരളത്തിലെ പാലിയേറ്റീവ് കെയർ പ്രസ്ഥാനം, ഐഎംഎ അരികെ ഉൾപ്പെടെ, തെളിയിച്ചിട്ടുണ്ട്. എൻഎൻഎച്ച്സി ആ തെളിവിനെ അടിസ്ഥാനമാക്കിയാണ് നിർമ്മിക്കുന്നത്, പക്ഷേ വ്യത്യസ്തമായ ഒരു ചോദ്യത്തിന് ഉത്തരം നൽകുന്നു - ജീവിതാവസാനത്തിൽ പാലിയേറ്റീവ് കെയർ ഒരു വ്യക്തിയെ കണ്ടുമുട്ടുന്നിടത്ത്, എൻഎൻഎച്ച്സി അപ്‌സ്ട്രീമിൽ പ്രവർത്തിക്കുന്നു.",
model,model.principles.sectionTitle,Five guiding principles.,അഞ്ച് മാർഗ്ഗനിർദ്ദേശ തത്വങ്ങൾ.,
model,model.star.sectionTitle,"Five stakeholder groups, one shared centre.","അഞ്ച് പങ്കാളി ഗ്രൂപ്പുകൾ, ഒരു പങ്കിട്ട കേന്ദ്രം.",
model,model.star.lede,"Care@Home sits at the centre, with five distinct stakeholder groups converging around it. Each brings a different form of capability; together they form the operational structure of the network.",അഞ്ച് വ്യത്യസ്ത പങ്കാളി ഗ്രൂപ്പുകളുമായി ഒത്തുചേരുന്ന Care@Home കേന്ദ്രബിന്ദുവാണ്. ഓരോന്നും വ്യത്യസ്തമായ ശേഷി നൽകുന്നു; അവ ഒരുമിച്ച് നെറ്റ്‌വർക്കിന്റെ പ്രവർത്തന ഘടനയെ രൂപപ്പെടുത്തുന്നു.,"Keep ""Care@Home"" untranslated"
model,model.method.sectionTitle,"From vision to action - needs, services, gaps.","ദർശനത്തിൽ നിന്ന് പ്രവൃത്തിയിലേക്ക് - ആവശ്യങ്ങൾ, സേവനങ്ങൾ, വിടവുകൾ.",
model,model.method.ctaKicker,What comes next,അടുത്തതായി എന്ത് വരും?,
model,model.method.ctaTitle,The model compiles into five operating tracks.,ഈ മോഡൽ അഞ്ച് ഓപ്പറേറ്റിംഗ് ട്രാക്കുകളായി കംപൈൽ ചെയ്യുന്നു.,
model,model.method.ctaBody,"Each track has an owner, an output, and a hand-off into the next. Read how the work moves from convening to deployment.","ഓരോ ട്രാക്കിനും ഒരു ഉടമ, ഒരു ഔട്ട്‌പുട്ട്, അടുത്തതിലേക്ക് ഒരു കൈമാറ്റ സംവിധാനം എന്നിവയുണ്ട്. കൺവീനിംഗിൽ നിന്ന് വിന്യാസത്തിലേക്ക് ജോലി എങ്ങനെ നീങ്ങുന്നുവെന്ന് വായിക്കുക.",
model,model.method.ctaButton,Mission specs,ദൗത്യ സവിശേഷതകൾ,
# === MISSION PAGE ===,,,,
mission,mission.meta.title,Mission Specs,മിഷൻ സവിശേഷതകൾ,
mission,mission.hero.pillIndex,P2,പി2,
mission,mission.hero.pillLabel,Operating system · {count} tracks,ഓപ്പറേറ്റിംഗ് സിസ്റ്റം · {count} ട്രാക്കുകൾ,{count} dynamic
mission,mission.hero.titlePrefix,Five tracks that move,ചലിക്കുന്ന അഞ്ച് ട്രാക്കുകൾ,
mission,mission.hero.titleItalic,vision into operation.,ദർശനം പ്രവർത്തനക്ഷമമാക്കുക.,
mission,mission.hero.lede,"Each track has a clear owner, a clear output, and feeds into the next. Together they form a complete operating system for community-led healthcare.","ഓരോ ട്രാക്കിനും വ്യക്തമായ ഒരു ഉടമയും വ്യക്തമായ ഒരു ഔട്ട്പുട്ടും ഉണ്ട്, അടുത്തതിലേക്ക് ഫീഡ് ചെയ്യുന്നു. സമൂഹം നയിക്കുന്ന ആരോഗ്യ സംരക്ഷണത്തിനായി അവർ ഒരുമിച്ച് ഒരു സമ്പൂർണ്ണ ഓപ്പറേറ്റിംഗ് സിസ്റ്റം രൂപപ്പെടുത്തുന്നു.",
mission,mission.hero.stat1.label,Tracks,ട്രാക്കുകൾ,
mission,mission.hero.stat2.label,Operating system,ഓപ്പറേറ്റിംഗ് സിസ്റ്റം,
mission,mission.hero.stat3.label,Days to first dashboard,ആദ്യ ഡാഷ്‌ബോർഡിലേക്കുള്ള ദിവസങ്ങൾ,
mission,mission.hero.stat4.label,Districts in scope,പരിധിയിലുള്ള ജില്ലകൾ,
mission,mission.tracks.railLabel,Track,ട്രാക്ക്,Sticky rail label
mission,mission.tracks.keyOutput,Key output,കീ ഔട്ട്പുട്ട്,Section label inside each track
mission,mission.tracks.continueTo,Continue to {next} ↓,{അടുത്തത്} ↓-ലേക്ക് തുടരുക,Inter-track connector
mission,mission.cta.kicker,What comes next,അടുത്തതായി എന്ത് വരും?,
mission,mission.cta.title,The five tracks compile into a roadmap.,അഞ്ച് ട്രാക്കുകൾ ഒരു റോഡ്മാപ്പിലേക്ക് സംയോജിക്കുന്നു.,
mission,mission.cta.body,Each track produces an output. Each output unlocks the next milestone. Read the sequence and the measures we'll be held to.,ഓരോ ട്രാക്കും ഒരു ഔട്ട്‌പുട്ട് ഉത്പാദിപ്പിക്കുന്നു. ഓരോ ഔട്ട്‌പുട്ടും അടുത്ത നാഴികക്കല്ല് തുറക്കുന്നു. നമ്മൾ പാലിക്കേണ്ട ക്രമവും അളവുകളും വായിക്കുക.,
mission,mission.cta.button,Roadmap and milestones,റോഡ്മാപ്പും നാഴികക്കല്ലുകളും,
# === ROADMAP PAGE ===,,,,
roadmap,roadmap.meta.title,Roadmap,റോഡ്മാപ്പ്,
roadmap,roadmap.hero.pillIndex,P3,പി3,
roadmap,roadmap.hero.pillLabel,9 milestones,9 നാഴികക്കല്ലുകൾ,
roadmap,roadmap.hero.titlePrefix,From convening to,സമ്മേളനം മുതൽ,
roadmap,roadmap.hero.titleItalic,measurable impact.,അളക്കാവുന്ന ആഘാതം.,
roadmap,roadmap.hero.lede,Nine sequential milestones structure the journey from launch to evidence of healthcare impact at the population level. Each milestone has a defined output and a defined owner.,ജനസംഖ്യാ തലത്തിൽ ആരോഗ്യ സംരക്ഷണത്തിലെ സ്വാധീനത്തിന്റെ തെളിവിലേക്കുള്ള യാത്രയെ തുടർച്ചയായ ഒമ്പത് നാഴികക്കല്ലുകൾ രൂപപ്പെടുത്തുന്നു. ഓരോ നാഴികക്കല്ലിനും നിർവചിക്കപ്പെട്ട ഒരു ഔട്ട്പുട്ടും നിർവചിക്കപ്പെട്ട ഒരു ഉടമയുമുണ്ട്.,
roadmap,roadmap.act1.label,Act I,ആക്റ്റ് I,
roadmap,roadmap.act1.title,Convene the network.,നെറ്റ്‌വർക്ക് കൂട്ടിച്ചേർക്കുക.,
roadmap,roadmap.act1.subtitle,Stand up the governance structures and the people who will hold them.,ഭരണ ഘടനകളെയും അവയെ താങ്ങിനിർത്തുന്ന ആളുകളെയും ഉയർത്തിപ്പിടിക്കുക.,
roadmap,roadmap.act2.label,Act II,ആക്റ്റ് II,
roadmap,roadmap.act2.title,"Map the gaps, build the response.","വിടവുകൾ മാപ്പ് ചെയ്യുക, പ്രതികരണം നിർമ്മിക്കുക.",
roadmap,roadmap.act2.subtitle,"Inventory what's missing, then route resources and capacity to close it.","എന്താണ് നഷ്ടപ്പെട്ടതെന്ന് ഇൻവെന്ററി ചെയ്യുക, തുടർന്ന് അത് അടയ്ക്കുന്നതിനുള്ള വിഭവങ്ങളും ശേഷിയും റൂട്ട് ചെയ്യുക.",
roadmap,roadmap.act3.label,Act III,ആക്റ്റ് III,
roadmap,roadmap.act3.title,Prove it at the population level.,ജനസംഖ്യാ തലത്തിൽ അത് തെളിയിക്കുക.,
roadmap,roadmap.act3.subtitle,Operational reporting and societal indicators that the model can be held to.,മോഡലിന് പിടിച്ചുനിൽക്കാൻ കഴിയുന്ന പ്രവർത്തന റിപ്പോർട്ടിംഗും സാമൂഹിക സൂചകങ്ങളും.,
roadmap,roadmap.act.progressLabel,M{from} - M{to} · {count} of 9,9 ൽ {എണ്ണം} മുതൽ 9 വരെ · 9 മുതൽ 9 വരെ,Milestone range label
roadmap,roadmap.hundredDay.kicker,100-day plan,100 ദിവസത്തെ പദ്ധതി,
roadmap,roadmap.hundredDay.title,Six immediate actions to begin operating.,പ്രവർത്തനം ആരംഭിക്കുന്നതിനുള്ള ആറ് അടിയന്തര നടപടികൾ.,
roadmap,roadmap.resourcing.kicker,Resourcing,റിസോഴ്‌സിംഗ്,
roadmap,roadmap.resourcing.title,Five categories that fund the operation.,പ്രവർത്തനത്തിന് ധനസഹായം നൽകുന്ന അഞ്ച് വിഭാഗങ്ങൾ.,
roadmap,roadmap.cta.title,Hear who shaped this roadmap.,ഈ റോഡ്മാപ്പ് ആരാണ് രൂപപ്പെടുത്തിയതെന്ന് കേൾക്കൂ.,
roadmap,roadmap.cta.body,"The voices, frictions, and convictions of the clinicians, policy-makers, and community leaders who showed up to the workshop.","വർക്ക്‌ഷോപ്പിൽ പങ്കെടുത്ത ക്ലിനിക്കുകളുടെയും നയരൂപീകരണ വിദഗ്ധരുടെയും സമൂഹ നേതാക്കളുടെയും ശബ്ദങ്ങൾ, സംഘർഷങ്ങൾ, ബോധ്യങ്ങൾ.",
roadmap,roadmap.cta.button,Voices from the workshop,വർക്ക്ഷോപ്പിൽ നിന്നുള്ള ശബ്ദങ്ങൾ,
# === VOICES PAGE ===,,,,
voices,voices.meta.title,Voices,ശബ്ദങ്ങൾ,
voices,voices.hero.kicker,Stakeholder voices,പങ്കാളികളുടെ ശബ്ദങ്ങൾ,
voices,voices.hero.titlePrefix,The people who showed up -,വന്ന ആളുകൾ -,
voices,voices.hero.titleItalic,and what they said.,അവർ പറഞ്ഞതും.,
voices,voices.hero.lede,"Active participation came from healthcare, policy, industry, community organisations, technology, and lived experience.","ആരോഗ്യ സംരക്ഷണം, നയം, വ്യവസായം, കമ്മ്യൂണിറ്റി സംഘടനകൾ, സാങ്കേതികവിദ്യ, ജീവിതാനുഭവം എന്നിവയിൽ നിന്നാണ് സജീവ പങ്കാളിത്തം ഉണ്ടായത്.",
voices,voices.filterLabel,Filter,ഫിൽട്ടർ,
voices,voices.filter.all,All,എല്ലാം,
voices,voices.filter.policy,Policy,നയം,
voices,voices.filter.clinical,Clinical,ക്ലിനിക്കൽ,
voices,voices.filter.community,Community,സമൂഹം,
voices,voices.filter.industry,Industry,വ്യവസായം,
voices,voices.filter.tech,Tech,ടെക്,
voices,voices.shownSingular,{n} voice shown,{n} ശബ്ദം കാണിച്ചിരിക്കുന്നു,Screen-reader live region
voices,voices.shownPlural,{n} voices shown,{n} ശബ്ദങ്ങൾ കാണിച്ചിരിക്കുന്നു,
voices,voices.cta.title,Find where your capability fits.,നിങ്ങളുടെ കഴിവ് എവിടെയാണ് യോജിക്കുന്നതെന്ന് കണ്ടെത്തുക.,
voices,voices.cta.body,"Six engagement pathways, mapped to the five Star Model groups. Pick the one that matches what you can bring.",അഞ്ച് സ്റ്റാർ മോഡൽ ഗ്രൂപ്പുകളിലേക്ക് മാപ്പ് ചെയ്ത ആറ് ഇടപഴകൽ പാതകൾ. നിങ്ങൾക്ക് കൊണ്ടുവരാൻ കഴിയുന്നതിനോട് പൊരുത്തപ്പെടുന്ന ഒന്ന് തിരഞ്ഞെടുക്കുക.,
voices,voices.cta.button,Engagement pathways,ഇടപെടൽ പാതകൾ,
# === ENGAGE PAGE ===,,,,
engage,engage.meta.title,Engage,ഇടപെടുക,
engage,engage.hero.kicker,6 pathways,6 പാതകൾ,
engage,engage.hero.titlePrefix,"Where you fit,","നിങ്ങൾക്ക് ചേരുന്നിടത്ത്,",
engage,engage.hero.titleItalic,and what to do next.,പിന്നെ എന്ത് ചെയ്യണം.,
engage,engage.hero.lede,"Many roles, many pathways, one network. Each pathway below maps to one of the five Star Model groups.","നിരവധി റോളുകൾ, നിരവധി പാതകൾ, ഒരു ശൃംഖല. താഴെയുള്ള ഓരോ പാതയും അഞ്ച് സ്റ്റാർ മോഡൽ ഗ്രൂപ്പുകളിൽ ഒന്നിലേക്ക് മാപ്പ് ചെയ്യുന്നു.",
engage,engage.inline.prefix,Already know what you bring?,നീ എന്താണ് കൊണ്ടുവരുന്നതെന്ന് ഇതിനകം അറിയാമോ?,
engage,engage.inline.label,Contact us directly,ഞങ്ങളെ നേരിട്ട് ബന്ധപ്പെടുക,
engage,engage.card.label,If you are,നിങ്ങളാണെങ്കിൽ,
engage,engage.cta.kicker,Get in touch,ബന്ധപ്പെടുക,
engage,engage.cta.titlePrefix,Bring your capability -,നിങ്ങളുടെ കഴിവ് കൊണ്ടുവരിക -,
engage,engage.cta.titleItalic,the network will route it.,നെറ്റ്‌വർക്ക് അതിനെ റൂട്ട് ചെയ്യും.,
engage,engage.cta.body,"Reach IMA Cochin to begin a conversation. Specify which Star Model group you align with, and what you can contribute - funds, people, materials, software, or simply your block of homes.","ഒരു സംഭാഷണം ആരംഭിക്കാൻ IMA കൊച്ചിയിൽ എത്തുക. നിങ്ങൾ ഏത് സ്റ്റാർ മോഡൽ ഗ്രൂപ്പുമായി യോജിച്ചു പ്രവർത്തിക്കുന്നു എന്നും നിങ്ങൾക്ക് എന്ത് സംഭാവന നൽകാമെന്നും വ്യക്തമാക്കുക - ഫണ്ടുകൾ, ആളുകൾ, മെറ്റീരിയലുകൾ, സോഫ്റ്റ്‌വെയർ, അല്ലെങ്കിൽ നിങ്ങളുടെ വീടുകളുടെ ബ്ലോക്ക് മാത്രം.",
engage,engage.cta.button,Contact IMA Cochin,ഐഎംഎ കൊച്ചിനെ ബന്ധപ്പെടുക,
# === ABOUT PAGE ===,,,,
about,about.meta.title,About,കുറിച്ച്,
about,about.hero.kicker,Challenges · FAQ · Glossary,വെല്ലുവിളികൾ · പതിവ് ചോദ്യങ്ങൾ · ഗ്ലോസറി,
about,about.hero.titlePrefix,The questions that,ആ ചോദ്യങ്ങൾ,
about,about.hero.titleItalic,come up first.,ആദ്യം വരൂ.,
about,about.hero.lede,"Three strategic challenges, the operational questions that surface in executive committees, and a short reference for terms used throughout.","മൂന്ന് തന്ത്രപരമായ വെല്ലുവിളികൾ, എക്സിക്യൂട്ടീവ് കമ്മിറ്റികളിൽ ഉയർന്നുവരുന്ന പ്രവർത്തനപരമായ ചോദ്യങ്ങൾ, എല്ലായിടത്തും ഉപയോഗിക്കുന്ന പദങ്ങളുടെ ഒരു ചെറിയ പരാമർശം.",
about,about.challenges.kicker,Strategic challenges,തന്ത്രപരമായ വെല്ലുവിളികൾ,
about,about.challenges.title,"Three challenges, framed by Rajeev Sadanandan IAS.",രാജീവ് സദാനന്ദൻ ഐഎഎസ് രൂപപ്പെടുത്തിയ മൂന്ന് വെല്ലുവിളികൾ.,
about,about.challenges.quote,The ideas presented by IMA resonate with the needs of the broader community. Sector-wise discussions should now be undertaken and consolidated into the final project proposal.,ഐ‌എം‌എ അവതരിപ്പിക്കുന്ന ആശയങ്ങൾ വിശാലമായ സമൂഹത്തിന്റെ ആവശ്യങ്ങളുമായി പ്രതിധ്വനിക്കുന്നു. മേഖലാടിസ്ഥാനത്തിലുള്ള ചർച്ചകൾ ഇപ്പോൾ ഏറ്റെടുത്ത് അന്തിമ പദ്ധതി നിർദ്ദേശത്തിൽ സംയോജിപ്പിക്കണം.,
about,about.challenges.attribution,"Rajeev Sadanandan IAS · Former Health Secretary, Kerala","രാജീവ് സദാനന്ദൻ ഐ.എ.എസ് · മുൻ ആരോഗ്യ സെക്രട്ടറി, കേരളം",
about,about.faq.kicker,Frequently asked,പതിവായി ചോദിക്കുന്നത്,
about,about.faq.title,Operational questions that come up first.,ആദ്യം വരുന്ന പ്രവർത്തനപരമായ ചോദ്യങ്ങൾ.,
about,about.glossary.kicker,Glossary,പദാവലി,
about,about.glossary.title,A short reference for the terms used throughout.,ഉടനീളം ഉപയോഗിച്ചിരിക്കുന്ന പദങ്ങളുടെ ഒരു ചെറിയ റഫറൻസ്.,
about,about.glossary.searchLabel,Search terms,തിരയൽ പദങ്ങൾ,
about,about.glossary.searchPlaceholder,"Try ""SPV"", ""EMR"", ""Arike""…","""SPV"", ""EMR"", ""Arike"" എന്നിവ പരീക്ഷിച്ചു നോക്കൂ...",
about,about.glossary.empty,No terms match that search.,ആ തിരയലുമായി പൊരുത്തപ്പെടുന്ന പദങ്ങളൊന്നുമില്ല.,
about,about.glossary.shownSingular,{n} term shown,{n} എന്ന പദം കാണിച്ചിരിക്കുന്നു,
about,about.glossary.shownPlural,{n} terms shown,{n} പദങ്ങൾ കാണിച്ചിരിക്കുന്നു,
# === CONTENT · PRINCIPLES (5) ===,,,,
content,principles.1.title,Home as the unit of care,പരിചരണത്തിന്റെ യൂണിറ്റായി വീട്,
content,principles.1.body,"Healthcare is delivered closer to people's homes, supported by trained caregivers and community networks.","പരിശീലനം ലഭിച്ച പരിചരണകരുടെയും കമ്മ്യൂണിറ്റി നെറ്റ്‌വർക്കുകളുടെയും പിന്തുണയോടെ, ആരോഗ്യ സംരക്ഷണം ആളുകളുടെ വീടുകൾക്ക് അടുത്ത് എത്തിക്കുന്നു.",
content,principles.2.title,Professional ownership,പ്രൊഫഷണൽ ഉടമസ്ഥാവകാശം,
content,principles.2.body,"Healthcare professionals take responsibility for defined communities, reviving the family doctor relationship.","കുടുംബ ഡോക്ടർ ബന്ധം പുനരുജ്ജീവിപ്പിച്ചുകൊണ്ട്, നിർവചിക്കപ്പെട്ട സമൂഹങ്ങളുടെ ഉത്തരവാദിത്തം ആരോഗ്യ സംരക്ഷണ വിദഗ്ധർ ഏറ്റെടുക്കുന്നു.",
content,principles.3.title,Empowered communities,ശാക്തീകരിക്കപ്പെട്ട സമൂഹങ്ങൾ,
content,principles.3.body,"Communities participate actively in care delivery, not merely as recipients but as co-creators.","പരിചരണ വിതരണത്തിൽ സമൂഹങ്ങൾ സജീവമായി പങ്കെടുക്കുന്നു, കേവലം സ്വീകർത്താക്കൾ എന്ന നിലയിൽ മാത്രമല്ല, സഹ-സ്രഷ്ടാക്കൾ എന്ന നിലയിലും.",
content,principles.4.title,Seamless coordination,സുഗമമായ ഏകോപനം,
content,principles.4.body,"Technology enables coordination between stakeholders, integrating EMR, CMR, and open platforms.","സാങ്കേതികവിദ്യ പങ്കാളികൾ തമ്മിലുള്ള ഏകോപനം പ്രാപ്തമാക്കുന്നു, EMR, CMR, ഓപ്പൺ പ്ലാറ്റ്‌ഫോമുകൾ എന്നിവ സംയോജിപ്പിക്കുന്നു.",
content,principles.5.title,Equitable access,തുല്യ പ്രവേശനം,
content,principles.5.body,"Healthcare remains equitable, accessible, and affordable, with cross-subsidy supporting vulnerable populations.","ക്രോസ്-സബ്‌സിഡി ദുർബല ജനവിഭാഗങ്ങളെ പിന്തുണയ്ക്കുന്നതിനൊപ്പം, ആരോഗ്യ സംരക്ഷണം തുല്യവും, ആക്‌സസ് ചെയ്യാവുന്നതും, താങ്ങാനാവുന്നതുമായി തുടരുന്നു.",
# === CONTENT · STAKEHOLDERS (5) ===,,,,
content,stakeholders.hcp.label,Health Care Professionals,ആരോഗ്യ പരിപാലന പ്രൊഫഷണലുകൾ,
content,stakeholders.hcp.group,Clinical,ക്ലിനിക്കൽ,
content,stakeholders.hcp.body,"The clinical anchor of the network, organised by district and integrated through IMA.",ജില്ല സംഘടിപ്പിച്ചതും ഐ.എം.എ. വഴി സംയോജിപ്പിച്ചതുമായ ശൃംഖലയുടെ ക്ലിനിക്കൽ ആങ്കർ.,
content,stakeholders.hcp.members,"Medical doctors, specialist associations, dentists, nurses, therapists, technicians.","മെഡിക്കൽ ഡോക്ടർമാർ, സ്പെഷ്യലിസ്റ്റ് അസോസിയേഷനുകൾ, ദന്തഡോക്ടർമാർ, നഴ്‌സുമാർ, തെറാപ്പിസ്റ്റുകൾ, ടെക്‌നീഷ്യൻമാർ.",
content,stakeholders.hcp.tagline,The clinical anchor.,ക്ലിനിക്കൽ ആങ്കർ.,
content,stakeholders.hcp.metricLabel,IMA members in Kerala,കേരളത്തിലെ ഐ.എം.എ അംഗങ്ങൾ,
content,stakeholders.lsg.label,Local Self Government,തദ്ദേശ സ്വയംഭരണം,
content,stakeholders.lsg.group,Governance,ഭരണം,
content,stakeholders.lsg.body,Connects the network formally to public health infrastructure.,പൊതുജനാരോഗ്യ അടിസ്ഥാന സൗകര്യങ്ങളുമായി നെറ്റ്‌വർക്കിനെ ഔപചാരികമായി ബന്ധിപ്പിക്കുന്നു.,
content,stakeholders.lsg.members,"District Panchayat, Municipal bodies, ASHA workers, Community Nurses, PHC Medical Officers, ward members.","ജില്ലാ പഞ്ചായത്ത്, മുനിസിപ്പൽ സ്ഥാപനങ്ങൾ, ആശാ വർക്കർമാർ, കമ്മ്യൂണിറ്റി നഴ്‌സുമാർ, പിഎച്ച്‌സി മെഡിക്കൽ ഓഫീസർമാർ, വാർഡ് അംഗങ്ങൾ.",
content,stakeholders.lsg.tagline,The public health spine.,പൊതുജനാരോഗ്യ നട്ടെല്ല്.,
content,stakeholders.lsg.metricLabel,panchayats statewide,സംസ്ഥാനമൊട്ടാകെയുള്ള പഞ്ചായത്തുകൾ,
content,stakeholders.neigh.label,Neighbourhood,അയൽപ്പക്കം,
content,stakeholders.neigh.group,Community,സമൂഹം,
content,stakeholders.neigh.body,"The day-to-day fabric of mutual support, where care is given and received among people who already know each other.",പരസ്പരം അറിയാവുന്ന ആളുകൾക്കിടയിൽ പരിചരണം നൽകുകയും സ്വീകരിക്കുകയും ചെയ്യുന്ന പരസ്പര പിന്തുണയുടെ ദൈനംദിന ഘടന.,
content,stakeholders.neigh.members,Residents' Associations and Flat Owners' Associations.,റസിഡന്റ്സ് അസോസിയേഷനുകളും ഫ്ലാറ്റ് ഓണേഴ്‌സ് അസോസിയേഷനുകളും.,
content,stakeholders.neigh.tagline,Where care actually happens.,പരിചരണം യഥാർത്ഥത്തിൽ സംഭവിക്കുന്നിടത്ത്.,
content,stakeholders.neigh.metricLabel,households per cluster,ക്ലസ്റ്റർ പ്രകാരം വീടുകൾ,
content,stakeholders.sso.label,Social Service Organisations,സാമൂഹിക സേവന സംഘടനകൾ,
content,stakeholders.sso.group,Social,സാമൂഹികം,
content,stakeholders.sso.body,Carry decades of trust and experience in community work.,കമ്മ്യൂണിറ്റി പ്രവർത്തനങ്ങളിൽ പതിറ്റാണ്ടുകളുടെ വിശ്വാസവും പരിചയവും വഹിക്കുക.,
content,stakeholders.sso.members,"Charitable trusts, palliative bodies, social service groups already embedded in care delivery.","ചാരിറ്റബിൾ ട്രസ്റ്റുകൾ, പാലിയേറ്റീവ് ബോഡികൾ, സാമൂഹിക സേവന ഗ്രൂപ്പുകൾ എന്നിവ ഇതിനകം പരിചരണ വിതരണത്തിൽ ഉൾപ്പെടുത്തിയിട്ടുണ്ട്.",
content,stakeholders.sso.tagline,Decades of community work.,പതിറ്റാണ്ടുകളുടെ സമൂഹ പ്രവർത്തനം.,
content,stakeholders.sso.metricLabel,years of palliative trust,പാലിയേറ്റീവ് ട്രസ്റ്റിന്റെ വർഷങ്ങൾ,
content,stakeholders.biz.label,Foundations & Trade Associations,ഫൗണ്ടേഷനുകളും ട്രേഡ് അസോസിയേഷനുകളും,
content,stakeholders.biz.group,Business,ബിസിനസ്,
content,stakeholders.biz.body,"Brought in as partners and co-creators rather than donors alone, with leaders sitting as ex-officio members of the SPV.","ദാതാക്കളെ മാത്രമായി കണക്കാക്കുന്നതിനുപകരം പങ്കാളികളായും സഹ-സ്രഷ്ടാക്കളായും കൊണ്ടുവന്നു, നേതാക്കൾ എസ്പിവിയുടെ എക്സ്-ഒഫീഷ്യോ അംഗങ്ങളായി ഇരിക്കുന്നു.",
content,stakeholders.biz.members,Business-derived foundations and trade bodies.,ബിസിനസ്സിൽ നിന്നുള്ള ഫൗണ്ടേഷനുകളും വ്യാപാര സ്ഥാപനങ്ങളും.,
content,stakeholders.biz.tagline,"Co-creators, not just donors.","ദാതാക്കൾ മാത്രമല്ല, സഹ-സ്രഷ്ടാക്കളും.",
content,stakeholders.biz.metricLabel,ex-officio SPV seats,എക്സ്-ഒഫീഷ്യോ എസ്‌പിവി സീറ്റുകൾ,
content,starModel.panel.membersLabel,Members,അംഗങ്ങൾ,
content,starModel.panel.auto,Auto,ഓട്ടോ,
content,starModel.panel.paused,Paused,താൽക്കാലികമായി നിർത്തി,
# === CONTENT · THREE STEPS ===,,,,
content,threeSteps.1.title,Identify care needs,പരിചരണ ആവശ്യങ്ങൾ തിരിച്ചറിയുക,
content,threeSteps.1.body,"Map the actual care needs of each community, household by household. Move from assumption to evidence.",ഓരോ കുടുംബത്തിന്റെയും യഥാർത്ഥ പരിചരണ ആവശ്യങ്ങൾ ഓരോ കുടുംബമായി മാപ്പ് ചെയ്യുക. അനുമാനത്തിൽ നിന്ന് തെളിവുകളിലേക്ക് നീങ്ങുക.,
content,threeSteps.2.title,Map existing services,നിലവിലുള്ള സേവനങ്ങൾ മാപ്പ് ചെയ്യുക,
content,threeSteps.2.body,"Inventory current healthcare, palliative, and community capacity already operating in the geography.","ഭൂമിശാസ്ത്രത്തിൽ ഇതിനകം പ്രവർത്തിക്കുന്ന നിലവിലെ ആരോഗ്യ സംരക്ഷണം, പാലിയേറ്റീവ്, കമ്മ്യൂണിറ്റി ശേഷി എന്നിവ ഇൻവെന്ററി ചെയ്യുക.",
content,threeSteps.3.title,Assess the gaps,വിടവുകൾ വിലയിരുത്തുക,
content,threeSteps.3.body,"Identify gaps in care delivery, scheduling, and resource availability. The gap analysis becomes the brief.","പരിചരണ വിതരണം, ഷെഡ്യൂളിംഗ്, വിഭവ ലഭ്യത എന്നിവയിലെ വിടവുകൾ തിരിച്ചറിയുക. വിടവ് വിശകലനം ചുരുക്കമായി മാറുന്നു.",
# === CONTENT · TRACKS (5) ===,,,,
content,tracks.1.title,Visioning Workshop & Concurrence from Community Leadership,വിഷനിംഗ് വർക്ക്‌ഷോപ്പും കമ്മ്യൂണിറ്റി നേതൃത്വത്തിന്റെ സമ്മതവും,
content,tracks.1.summary,"Sponsors, trade body leaders, and IMA leaders convened to discuss and decide on moving forward, reaffirmed principles, and agreed on next steps.","സ്പോൺസർമാർ, ട്രേഡ് ബോഡി നേതാക്കൾ, ഐഎംഎ നേതാക്കൾ എന്നിവർ യോഗം ചേർന്ന് മുന്നോട്ട് പോകുന്നതിനെക്കുറിച്ച് ചർച്ച ചെയ്യുകയും തീരുമാനിക്കുകയും ചെയ്തു, തത്വങ്ങൾ ആവർത്തിച്ച് ഉറപ്പിച്ചു, അടുത്ത ഘട്ടങ്ങളെക്കുറിച്ച് യോജിച്ചു.",
content,tracks.1.output,"Formation of the Special Purpose Vehicle (SPV), led by IMA, with sponsors as core members and trade association leaders as ex-officio members.",സ്പോൺസർമാരെ കോർ അംഗങ്ങളായും ട്രേഡ് അസോസിയേഷൻ നേതാക്കൾ എക്സ്-ഒഫീഷ്യോ അംഗങ്ങളായും ഉൾപ്പെടുത്തി ഐഎംഎ നയിക്കുന്ന സ്പെഷ്യൽ പർപ്പസ് വെഹിക്കിൾ (എസ്പിവി) രൂപീകരണം.,
content,tracks.1.point1,Principles reaffirmed and design ideas shared.,തത്വങ്ങൾ വീണ്ടും ഉറപ്പിക്കുകയും ഡിസൈൻ ആശയങ്ങൾ പങ്കുവെക്കുകയും ചെയ്തു.,
content,tracks.1.point2,Trade associations awaiting clarity on actions and operating model.,പ്രവർത്തനങ്ങളെയും പ്രവർത്തന മാതൃകയെയും കുറിച്ചുള്ള വ്യക്തതയ്ക്കായി കാത്തിരിക്കുന്ന വ്യാപാര സംഘടനകൾ.,
content,tracks.1.point3,SPV converts intention into accountable structure.,എസ്‌പി‌വി ഉദ്ദേശ്യത്തെ ഉത്തരവാദിത്ത ഘടനയാക്കി മാറ്റുന്നു.,
content,tracks.2.title,Strategy Deployment & the 100-Day Action Plan,തന്ത്ര വിന്യാസവും 100 ദിവസത്തെ കർമ്മ പദ്ധതിയും,
content,tracks.2.summary,"Coordination committee meetings across districts, beginning with Malappuram, Ernakulam, Kottayam, and Thiruvananthapuram.","മലപ്പുറം, എറണാകുളം, കോട്ടയം, തിരുവനന്തപുരം തുടങ്ങി ജില്ലകളിലെ ഏകോപന സമിതി യോഗങ്ങൾ.",
content,tracks.2.output,"A unified dashboard capturing palliative + primary healthcare, donations, and quantity/quality gaps.","പാലിയേറ്റീവ് + പ്രാഥമിക ആരോഗ്യ സംരക്ഷണം, സംഭാവനകൾ, അളവ്/ഗുണനിലവാര വിടവുകൾ എന്നിവ പകർത്തുന്ന ഒരു ഏകീകൃത ഡാഷ്‌ബോർഡ്.",
content,tracks.2.point1,"District meetings bring major donors, home-care heads, and trade leaders together.","ജില്ലാ യോഗങ്ങൾ പ്രധാന ദാതാക്കളെയും, ഹോം-കെയർ മേധാവികളെയും, വ്യാപാര നേതാക്കളെയും ഒരുമിച്ച് കൊണ്ടുവരുന്നു.",
content,tracks.2.point2,Roll out interface systems for identifying care seekers and raising resources.,പരിചരണം തേടുന്നവരെ തിരിച്ചറിയുന്നതിനും വിഭവങ്ങൾ ശേഖരിക്കുന്നതിനുമായി ഇന്റർഫേസ് സംവിധാനങ്ങൾ വികസിപ്പിക്കുക.,
content,tracks.2.point3,"Care planning, scheduling, and family empowerment delivered by professionals.","പരിചരണ ആസൂത്രണം, ഷെഡ്യൂളിംഗ്, കുടുംബ ശാക്തീകരണം എന്നിവ പ്രൊഫഷണലുകൾ നൽകുന്നു.",
content,tracks.3.title,Gap Assessment & Care Program Building,ഗ്യാപ് അസസ്‌മെന്റ് & കെയർ പ്രോഗ്രാം ബിൽഡിംഗ്,
content,tracks.3.summary,Coordination structures bring the medical fraternity into community health care across three layers.,ഏകോപന ഘടനകൾ മെഡിക്കൽ സാഹോദര്യത്തെ മൂന്ന് തലങ്ങളിലായി കമ്മ്യൂണിറ്റി ഹെൽത്ത് കെയറിലേക്ക് കൊണ്ടുവരുന്നു.,
content,tracks.3.output,"Initial deployment across 100 places in Kerala, pioneered at the district level.","കേരളത്തിലെ 100 സ്ഥലങ്ങളിൽ പ്രാരംഭ വിന്യാസം, ജില്ലാ തലത്തിൽ തുടക്കമിട്ടു.",
content,tracks.3.point1,"Hospitals - specialist panels, super-specialist referral chains, bio-cluster model at district scale.","ആശുപത്രികൾ - സ്പെഷ്യലിസ്റ്റ് പാനലുകൾ, സൂപ്പർ-സ്പെഷ്യലിസ്റ്റ് റഫറൽ ശൃംഖലകൾ, ജില്ലാ തലത്തിൽ ബയോ-ക്ലസ്റ്റർ മാതൃക.",
content,tracks.3.point2,"Family Clinics - empowered with digital systems, escalation, home-care integration, logistics.","ഫാമിലി ക്ലിനിക്കുകൾ - ഡിജിറ്റൽ സംവിധാനങ്ങൾ, വർദ്ധനവ്, ഹോം-കെയർ സംയോജനം, ലോജിസ്റ്റിക്സ് എന്നിവയാൽ ശാക്തീകരിക്കപ്പെട്ടിരിക്കുന്നു.",
content,tracks.3.point3,"Neighbourhood Systems - HCP coordination, psychosocial support, community engagement.","അയൽപക്ക സംവിധാനങ്ങൾ - എച്ച്.സി.പി ഏകോപനം, മാനസിക സാമൂഹിക പിന്തുണ, സമൂഹ ഇടപെടൽ.",
content,tracks.4.title,Capacity Building at IMA,ഐഎംഎയിലെ ശേഷി വികസനം,
content,tracks.4.summary,Five concrete management capabilities developed as the operating core.,പ്രവർത്തന കേന്ദ്രമായി അഞ്ച് മൂർത്തമായ മാനേജ്മെന്റ് കഴിവുകൾ വികസിപ്പിച്ചെടുത്തു.,
content,tracks.4.output,"An IMA capable of inspiring health, mentoring practitioners, and ensuring respite for caregivers.","ആരോഗ്യത്തെ പ്രചോദിപ്പിക്കാനും, പ്രാക്ടീഷണർമാരെ മെന്റർ ചെയ്യാനും, പരിചരണം നൽകുന്നവർക്ക് ആശ്വാസം ഉറപ്പാക്കാനും കഴിവുള്ള ഒരു IMA.",
content,tracks.4.point1,Capacity Map of the State - hospitals around geographical converging points; outreach time as metric.,സംസ്ഥാനത്തിന്റെ ശേഷി ഭൂപടം - ഭൂമിശാസ്ത്രപരമായ ഒത്തുചേരൽ പോയിന്റുകൾക്ക് ചുറ്റുമുള്ള ആശുപത്രികൾ; മെട്രിക് ആയി ഔട്ട്റീച്ച് സമയം.,
content,tracks.4.point2,Speciality Department Distribution - no patient or specialist travels more than 25 km.,സ്പെഷ്യാലിറ്റി ഡിപ്പാർട്ട്മെന്റ് ഡിസ്ട്രിബ്യൂഷൻ - ഒരു രോഗിയോ സ്പെഷ്യലിസ്റ്റോ 25 കിലോമീറ്ററിൽ കൂടുതൽ സഞ്ചരിക്കരുത്.,
content,tracks.4.point3,Information System - compassionate flow of patient information from home to specialist.,വിവര സംവിധാനം - വീട്ടിൽ നിന്ന് സ്പെഷ്യലിസ്റ്റിലേക്ക് രോഗിയുടെ വിവരങ്ങൾ കാരുണ്യപൂർവ്വം എത്തിക്കുന്ന സംവിധാനം.,
content,tracks.4.point4,Leadership Among Professionals - each practitioner becomes a social and strategic leader.,പ്രൊഫഷണലുകൾക്കിടയിൽ നേതൃത്വം - ഓരോ പ്രാക്ടീഷണറും സാമൂഹികവും തന്ത്രപരവുമായ നേതാവായി മാറുന്നു.,
content,tracks.4.point5,"Inventory Management - best medicines and materials, sourced statewide for critical cases.",ഇൻവെന്ററി മാനേജ്മെന്റ് - ഗുരുതരമായ കേസുകൾക്കായി സംസ്ഥാനവ്യാപകമായി ലഭ്യമാക്കുന്ന മികച്ച മരുന്നുകളും വസ്തുക്കളും.,
content,tracks.5.title,Star Model · Building District Coordination Committees,സ്റ്റാർ മോഡൽ · ജില്ലാ ഏകോപന സമിതികൾ നിർമ്മിക്കൽ,
content,tracks.5.summary,Activate and integrate the five stakeholder groups at the district level.,ജില്ലാ തലത്തിൽ അഞ്ച് സ്റ്റേക്ക്‌ഹോൾഡർ ഗ്രൂപ്പുകളെ സജീവമാക്കുകയും സംയോജിപ്പിക്കുകയും ചെയ്യുക.,
content,tracks.5.output,"Functional district committees connecting government, corporate, trade, HCP, LSG, and neighbourhood layers.","സർക്കാർ, കോർപ്പറേറ്റ്, വ്യാപാരം, എച്ച്.സി.പി, തദ്ദേശ സ്വയംഭരണ സ്ഥാപനങ്ങൾ, അയൽപക്ക തലങ്ങളെ ബന്ധിപ്പിക്കുന്ന പ്രവർത്തനപരമായ ജില്ലാ കമ്മിറ്റികൾ.",
content,tracks.5.point1,"Trade Associations - meet executive committees, collect district lists, assign two state leads.","ട്രേഡ് അസോസിയേഷനുകൾ - എക്സിക്യൂട്ടീവ് കമ്മിറ്റികൾ സന്ദർശിക്കുക, ജില്ലാ ലിസ്റ്റുകൾ ശേഖരിക്കുക, രണ്ട് സംസ്ഥാന ലീഡുകളെ നിയോഗിക്കുക.",
content,tracks.5.point2,"HCP Engagement - doctors, specialists, dentists, nurses, therapists, technicians coordinated by district.","എച്ച്സിപി ഇടപെടൽ - ഡോക്ടർമാർ, സ്പെഷ്യലിസ്റ്റുകൾ, ദന്തഡോക്ടർമാർ, നഴ്‌സുമാർ, തെറാപ്പിസ്റ്റുകൾ, ടെക്‌നീഷ്യൻമാർ എന്നിവർ ജില്ലയുടെ അടിസ്ഥാനത്തിൽ ഏകോപിപ്പിക്കപ്പെടുന്നു.",
content,tracks.5.point3,LSG Channel - engagement via District Panchayat Presidents and Municipal bodies.,എൽഎസ്ജി ചാനൽ - ജില്ലാ പഞ്ചായത്ത് പ്രസിഡന്റുമാർ വഴിയും മുനിസിപ്പൽ ബോഡികൾ വഴിയും ഇടപെടൽ.,
content,tracks.5.point4,Neighbourhood Layer - Residents' and Flat Owners' Associations mapped and integrated.,അയൽപക്ക പാളി - താമസക്കാരുടെയും ഫ്ലാറ്റ് ഉടമകളുടെയും അസോസിയേഷനുകൾ മാപ്പ് ചെയ്ത് സംയോജിപ്പിച്ചിരിക്കുന്നു.,
# === CONTENT · MILESTONES (9) ===,,,,
content,milestones.1.title,Form District Coordination Committees,ജില്ലാ ഏകോപന സമിതികൾ രൂപീകരിക്കുക.,
content,milestones.1.body,"Replicate the Kochi model across all districts. Each committee includes trade association leaders, community foundation leaders, and IMA leaders.","കൊച്ചി മാതൃക എല്ലാ ജില്ലകളിലും പകർത്തുക. ഓരോ കമ്മിറ്റിയിലും ട്രേഡ് അസോസിയേഷൻ നേതാക്കൾ, കമ്മ്യൂണിറ്റി ഫൗണ്ടേഷൻ നേതാക്കൾ, ഐഎംഎ നേതാക്കൾ എന്നിവർ ഉൾപ്പെടുന്നു.",
content,milestones.2.title,Form the SPV,SPV രൂപീകരിക്കുക,
content,milestones.2.body,"Resolutions sought from IMA State and IMA Cochin to form an SPV, with foundation reps and trade leaders as ex-officio members.",ഫൗണ്ടേഷൻ പ്രതിനിധികളും വ്യാപാര നേതാക്കളും എക്സ്-ഒഫീഷ്യോ അംഗങ്ങളായി ഒരു എസ്‌പി‌വി രൂപീകരിക്കുന്നതിന് ഐ‌എം‌എ സ്റ്റേറ്റിൽ നിന്നും ഐ‌എം‌എ കൊച്ചിനിൽ നിന്നും പ്രമേയങ്ങൾ ആവശ്യപ്പെട്ടു.,
content,milestones.3.title,Anchor IMA District Leadership,ആങ്കർ ഐഎംഎ ജില്ലാ നേതൃത്വം,
content,milestones.3.body,IMA district leaders nominate an anchor and team. Specialist association leaders form the basis of the specialist panel.,IMA ജില്ലാ നേതാക്കൾ ഒരു അവതാരകനെയും ടീമിനെയും നാമനിർദ്ദേശം ചെയ്യുന്നു. സ്പെഷ്യലിസ്റ്റ് അസോസിയേഷൻ നേതാക്കളാണ് സ്പെഷ്യലിസ്റ്റ് പാനലിന്റെ അടിസ്ഥാനം.,
content,milestones.4.title,Map Healthcare Gaps,ആരോഗ്യ സംരക്ഷണ വിടവുകൾ മാപ്പ് ചെയ്യുക,
content,milestones.4.body,"A district-by-district inventory of where care does not reach, falls short, or duplicates.","പരിചരണം എത്താത്തതോ, പോരായ്മയുള്ളതോ, അല്ലെങ്കിൽ തനിപ്പകർപ്പുകൾ ഉള്ളതോ ആയ സ്ഥലങ്ങളുടെ ജില്ല തിരിച്ചുള്ള പട്ടിക.",
content,milestones.5.title,Budget the Gaps,ബജറ്റ് വിടവുകൾ,
content,milestones.5.body,Convert the gap inventory into financial requirements per district and care category.,"ജില്ല, പരിചരണ വിഭാഗം എന്നിവയനുസരിച്ചുള്ള സാമ്പത്തിക ആവശ്യകതകളാക്കി വിടവ് ഇൻവെന്ററി മാറ്റുക.",
content,milestones.6.title,Mobilise Resources,വിഭവങ്ങൾ സമാഹരിക്കുക,
content,milestones.6.body,"Secure the three resource categories required to operate: funds, people engagements, materials.","പ്രവർത്തിക്കാൻ ആവശ്യമായ മൂന്ന് വിഭവ വിഭാഗങ്ങൾ സുരക്ഷിതമാക്കുക: ഫണ്ടുകൾ, ആളുകളുടെ ഇടപെടലുകൾ, വസ്തുക്കൾ.",
content,milestones.7.title,Deploy to Build,നിർമ്മിക്കാൻ വിന്യസിക്കുക,
content,milestones.7.body,"Convert resources into operational footprint: capacity, staffing, capability.","വിഭവങ്ങളെ പ്രവർത്തനപരമായ കാൽപ്പാടുകളാക്കി മാറ്റുക: ശേഷി, സ്റ്റാഫ്, ശേഷി.",
content,milestones.8.title,Report Care Coverage,പരിചരണ കവറേജ് റിപ്പോർട്ട് ചെയ്യുക,
content,milestones.8.body,"Track operational performance: volume, efficiency, quality.","പ്രവർത്തന പ്രകടനം ട്രാക്ക് ചെയ്യുക: വ്യാപ്തം, കാര്യക്ഷമത, ഗുണമേന്മ.",
content,milestones.9.title,Measure Societal Impact,സാമൂഹിക ആഘാതം അളക്കുക,
content,milestones.9.body,"Track population indicators: poverty from out-of-pocket expense, dignity, children/elderly reach, death at home, reduction in unnecessary C-sections.","ജനസംഖ്യാ സൂചകങ്ങൾ ട്രാക്ക് ചെയ്യുക: സ്വന്തം ചെലവിൽ നിന്നുള്ള ദാരിദ്ര്യം, അന്തസ്സ്, കുട്ടികൾ/വാർദ്ധക്യസഹജമായ അവസ്ഥ, വീട്ടിൽ മരണം, അനാവശ്യമായ സി-സെക്ഷനുകളുടെ കുറവ്.",
# === CONTENT · 100-DAY PLAN (6) ===,,,,
content,hundredDay.1.title,Identify a pilot location,ഒരു പൈലറ്റ് ലൊക്കേഷൻ തിരിച്ചറിയുക,
content,hundredDay.1.body,Diverse demographic representation; demonstrates the model across socio-economic strata.,വൈവിധ്യമാർന്ന ജനസംഖ്യാ പ്രാതിനിധ്യം; സാമൂഹിക-സാമ്പത്തിക തലങ്ങളിലുടനീളം മാതൃക പ്രകടമാക്കുന്നു.,
content,hundredDay.2.title,Map human resources & community networks,മാനവ വിഭവശേഷിയും കമ്മ്യൂണിറ്റി നെറ്റ്‌വർക്കുകളും മാപ്പ് ചെയ്യുക,
content,hundredDay.2.body,"Inventory of healthcare professionals, volunteers, and community institutions in the pilot geography.","പൈലറ്റ് ഭൂമിശാസ്ത്രത്തിൽ ആരോഗ്യ സംരക്ഷണ പ്രൊഫഷണലുകൾ, സന്നദ്ധപ്രവർത്തകർ, കമ്മ്യൂണിറ്റി സ്ഥാപനങ്ങൾ എന്നിവയുടെ ഇൻവെന്ററി.",
content,hundredDay.3.title,Build the digital infrastructure framework,ഡിജിറ്റൽ ഇൻഫ്രാസ്ട്രക്ചർ ചട്ടക്കൂട് നിർമ്മിക്കുക,
content,hundredDay.3.body,"Coordination dashboard and EMR + CMR integration, leveraging Open Health Care Network.",ഓപ്പൺ ഹെൽത്ത് കെയർ നെറ്റ്‌വർക്കിനെ പ്രയോജനപ്പെടുത്തി കോർഡിനേഷൻ ഡാഷ്‌ബോർഡും ഇഎംആർ + സിഎംആർ സംയോജനവും.,
content,hundredDay.4.title,Develop training modules,പരിശീലന മൊഡ്യൂളുകൾ വികസിപ്പിക്കുക,
content,hundredDay.4.body,"Training across the Star Model: HCPs, community workers, residents' associations, trade volunteers.","സ്റ്റാർ മോഡലിലുടനീളം പരിശീലനം: എച്ച്.സി.പി.മാർ, കമ്മ്യൂണിറ്റി പ്രവർത്തകർ, റസിഡന്റ്സ് അസോസിയേഷനുകൾ, ട്രേഡ് വളണ്ടിയർമാർക്ക്.",
content,hundredDay.5.title,Form the multi-stakeholder coordination forum,മൾട്ടി-സ്റ്റേക്ക്‌ഹോൾഡർ കോർഡിനേഷൻ ഫോറം രൂപീകരിക്കുക.,
content,hundredDay.5.body,The formal forum that holds the model accountable across the five stakeholder groups.,അഞ്ച് പങ്കാളി ഗ്രൂപ്പുകളിലുടനീളം മോഡലിനെ ഉത്തരവാദിത്തപ്പെടുത്തുന്ന ഔപചാരിക ഫോറം.,
content,hundredDay.6.title,Design volunteer engagement & resource mobilisation,വളണ്ടിയർ ഇടപെടലും വിഭവ സമാഹരണവും രൂപകൽപ്പന ചെയ്യുക,
content,hundredDay.6.body,"Volunteer onboarding pathways, role definitions, and a structured resource mobilisation plan.","വളണ്ടിയർ ഓൺബോർഡിംഗ് പാതകൾ, റോൾ നിർവചനങ്ങൾ, ഒരു ഘടനാപരമായ വിഭവ സമാഹരണ പദ്ധതി.",
# === CONTENT · CHALLENGES (3) ===,,,,
content,challenges.1.title,Revival of the Family Doctor & Preventive Care,കുടുംബ ഡോക്ടറുടെയും പ്രതിരോധ പരിചരണത്തിന്റെയും പുനരുജ്ജീവനം,
content,challenges.1.point1,Reintroduce the family doctor system despite current knowledge gaps.,നിലവിലുള്ള അറിവിലെ വിടവുകൾക്കിടയിലും കുടുംബ ഡോക്ടർ സംവിധാനം വീണ്ടും അവതരിപ്പിക്കുക.,
content,challenges.1.point2,Develop curriculum and training programs.,പാഠ്യപദ്ധതിയും പരിശീലന പരിപാടികളും വികസിപ്പിക്കുക.,
content,challenges.1.point3,Introduce preventive consultations with appropriate fee models.,ഉചിതമായ ഫീസ് മാതൃകകൾ ഉപയോഗിച്ച് പ്രതിരോധ കൺസൾട്ടേഷനുകൾ അവതരിപ്പിക്കുക.,
content,challenges.1.point4,Engage with IRDAI to align insurance with preventive healthcare.,പ്രതിരോധ ആരോഗ്യ സംരക്ഷണവുമായി ഇൻഷുറൻസിനെ സംയോജിപ്പിക്കുന്നതിന് ഐആർഡിഎഐയുമായി സഹകരിക്കുക.,
content,challenges.2.title,Cost-Effective & Equitable Healthcare,ചെലവ് കുറഞ്ഞതും നീതിയുക്തവുമായ ആരോഗ്യ സംരക്ഷണം,
content,challenges.2.point1,Reduce financial burden on families; prevent healthcare-induced poverty.,കുടുംബങ്ങളുടെ മേലുള്ള സാമ്പത്തിക ഭാരം കുറയ്ക്കുക; ആരോഗ്യ സംരക്ഷണം മൂലമുണ്ടാകുന്ന ദാരിദ്ര്യം തടയുക.,
content,challenges.2.point2,Complement the limitations of the government system.,സർക്കാർ സംവിധാനത്തിന്റെ പരിമിതികളെ പൂരകമാക്കുക.,
content,challenges.2.point3,Cross-subsidy: those who can afford support those who cannot.,"ക്രോസ് സബ്സിഡി: താങ്ങാൻ കഴിയുന്നവർ, കഴിയാത്തവരെ പിന്തുണയ്ക്കുക.",
content,challenges.2.point4,Take leadership in driving systemic change.,വ്യവസ്ഥാപരമായ മാറ്റം കൊണ്ടുവരുന്നതിൽ നേതൃത്വം ഏറ്റെടുക്കുക.,
content,challenges.3.title,Lifelong Health Systems through EMR,EMR വഴിയുള്ള ആജീവനാന്ത ആരോഗ്യ സംവിധാനങ്ങൾ,
content,challenges.3.point1,"Establish health as a continuous, lifelong process.","ആരോഗ്യത്തെ തുടർച്ചയായ, ആജീവനാന്ത പ്രക്രിയയായി സ്ഥാപിക്കുക.",
content,challenges.3.point2,Lead adoption of Electronic Medical Records.,ഇലക്ട്രോണിക് മെഡിക്കൽ റെക്കോർഡുകൾ സ്വീകരിക്കുന്നതിന് നേതൃത്വം നൽകുക.,
content,challenges.3.point3,"Ensure continuity, coordination, and efficiency in care delivery.","പരിചരണ വിതരണത്തിൽ തുടർച്ച, ഏകോപനം, കാര്യക്ഷമത എന്നിവ ഉറപ്പാക്കുക.",
content,challenges.3.point4,Use the EMR backbone to coordinate the entire Star Model.,മുഴുവൻ സ്റ്റാർ മോഡലിനെയും ഏകോപിപ്പിക്കാൻ EMR ബാക്ക്ബോൺ ഉപയോഗിക്കുക.,
# === CONTENT · INSIGHTS (10) ===,,,,
content,insights.1.tag,Community,സമൂഹം,
content,insights.1.title,Strengthening community-based care,സമൂഹാടിസ്ഥാനത്തിലുള്ള പരിചരണം ശക്തിപ്പെടുത്തൽ,
content,insights.1.body,Shift from institution-centric care to community and home-based models. Palliative care in Kerala cited as a strong example.,"സ്ഥാപന കേന്ദ്രീകൃത പരിചരണത്തിൽ നിന്ന് കമ്മ്യൂണിറ്റി, ഹോം അധിഷ്ഠിത മാതൃകകളിലേക്കുള്ള മാറ്റം. കേരളത്തിലെ പാലിയേറ്റീവ് കെയർ ഒരു ശക്തമായ ഉദാഹരണമായി ചൂണ്ടിക്കാണിക്കപ്പെടുന്നു.",
content,insights.2.tag,Cohesion,ഏകീകരണം,
content,insights.2.title,Rebuilding neighbourhood networks,അയൽപക്ക ശൃംഖലകൾ പുനർനിർമ്മിക്കൽ,
content,insights.2.body,NNHC as an opportunity to rebuild social cohesion and mutual support inside communities.,സമൂഹങ്ങൾക്കുള്ളിൽ സാമൂഹിക ഐക്യവും പരസ്പര പിന്തുണയും പുനർനിർമ്മിക്കാനുള്ള അവസരമായി NNHC.,
content,insights.3.tag,Prevention,പ്രതിരോധം,
content,insights.3.title,Promotive & preventive healthcare,പ്രോത്സാഹനപരവും പ്രതിരോധപരവുമായ ആരോഗ്യ സംരക്ഷണം,
content,insights.3.body,"Embedding prevention into daily life - nutrition, activity, sleep, mental well-being. Bakery and hotel associations as touchpoints.","ദൈനംദിന ജീവിതത്തിൽ പ്രതിരോധം ഉൾപ്പെടുത്തൽ - പോഷകാഹാരം, പ്രവർത്തനം, ഉറക്കം, മാനസിക ക്ഷേമം. ബേക്കറി, ഹോട്ടൽ അസോസിയേഷനുകൾ എന്നിവ സമ്പർക്ക കേന്ദ്രങ്ങളായി.",
content,insights.4.tag,Access,ആക്സസ്,
content,insights.4.title,Infrastructure & accessibility,അടിസ്ഥാന സൗകര്യങ്ങളും പ്രവേശനക്ഷമതയും,
content,insights.4.body,"Builders Association committed to wheelchair access, wider doors and lifts, side rails - aligning urban development with care.","വീൽചെയർ സൗകര്യം, വിശാലമായ വാതിലുകളും ലിഫ്റ്റുകളും, സൈഡ് റെയിലുകളും - നഗര വികസനത്തെ ശ്രദ്ധയോടെ വിന്യസിക്കുന്നതിന് ബിൽഡേഴ്‌സ് അസോസിയേഷൻ പ്രതിജ്ഞാബദ്ധമാണ്.",
content,insights.5.tag,Clinical,ക്ലിനിക്കൽ,
content,insights.5.title,Integration of healthcare professionals,ആരോഗ്യ സംരക്ഷണ വിദഗ്ധരുടെ സംയോജനം,
content,insights.5.body,"Active doctor involvement via IMA, stronger referrals, integrated community + institutional care, training young HCPs.","ഐഎംഎ വഴിയുള്ള സജീവമായ ഡോക്ടർ ഇടപെടൽ, ശക്തമായ റഫറലുകൾ, സംയോജിത കമ്മ്യൂണിറ്റി + സ്ഥാപന പരിചരണം, യുവ എച്ച്സിപിമാരെ പരിശീലിപ്പിക്കൽ.",
content,insights.6.tag,Tech,ടെക്,
content,insights.6.title,Leveraging technology for coordination,ഏകോപനത്തിനായി സാങ്കേതികവിദ്യ പ്രയോജനപ്പെടുത്തുന്നു,
content,insights.6.body,"Unified coordination dashboard, EMR + CMR integration, open-source platforms such as Open Health Care Network.","ഏകീകൃത ഏകോപന ഡാഷ്‌ബോർഡ്, EMR + CMR സംയോജനം, ഓപ്പൺ ഹെൽത്ത് കെയർ നെറ്റ്‌വർക്ക് പോലുള്ള ഓപ്പൺ സോഴ്‌സ് പ്ലാറ്റ്‌ഫോമുകൾ.",
content,insights.7.tag,People,ആളുകൾ,
content,insights.7.title,Volunteerism & universal contribution,സന്നദ്ധപ്രവർത്തനവും സാർവത്രിക സംഭാവനയും,
content,insights.7.body,"A large pool of volunteers exists. What is needed: structured engagement, capacity building, clear role definition.","വളണ്ടിയർമാരുടെ ഒരു വലിയ കൂട്ടം നിലവിലുണ്ട്. ആവശ്യമുള്ളത്: ഘടനാപരമായ ഇടപെടൽ, ശേഷി വർദ്ധിപ്പിക്കൽ, വ്യക്തമായ റോൾ നിർവചനം.",
content,insights.8.tag,Funding,ഫണ്ടിംഗ്,
content,insights.8.title,Financial sustainability,സാമ്പത്തിക സുസ്ഥിരത,
content,insights.8.body,Sustainable models that avoid over-commercialisation. Multi-industry support assured. Cross-subsidy endorsed as guiding principle.,അമിത വാണിജ്യവൽക്കരണം ഒഴിവാക്കുന്ന സുസ്ഥിര മാതൃകകൾ. ബഹു-വ്യവസായ പിന്തുണ ഉറപ്പ്. മാർഗ്ഗനിർദ്ദേശ തത്വമായി ക്രോസ്-സബ്‌സിഡി അംഗീകരിച്ചു.,
content,insights.9.tag,Inclusion,ഉൾപ്പെടുത്തൽ,
content,insights.9.title,Inclusion of vulnerable populations,ദുർബല ജനവിഭാഗങ്ങളുടെ ഉൾപ്പെടുത്തൽ,
content,insights.9.body,"Special attention to elderly, persons with chronic illness/disability, and children needing long-term rehabilitation.","പ്രായമായവർ, വിട്ടുമാറാത്ത രോഗം/വൈകല്യം ഉള്ളവർ, ദീർഘകാല പുനരധിവാസം ആവശ്യമുള്ള കുട്ടികൾ എന്നിവർക്ക് പ്രത്യേക ശ്രദ്ധ.",
content,insights.10.tag,Youth,യുവത്വം,
content,insights.10.title,Youth engagement,യുവാക്കളുടെ ഇടപെടൽ,
content,insights.10.body,"Through awareness programs, volunteer opportunities, and educational integration. Young HCPs need community exposure.","ബോധവൽക്കരണ പരിപാടികൾ, സന്നദ്ധസേവന അവസരങ്ങൾ, വിദ്യാഭ്യാസ സംയോജനം എന്നിവയിലൂടെ. യുവ എച്ച്.സി.പി.മാർക്ക് സമൂഹത്തിൽ നിന്നുള്ള എക്സ്പോഷർ ആവശ്യമാണ്.",
# === CONTENT · VOICES (11) ===,,,,
content,voices.1.name,Rajeev Sadanandan,രാജീവ് സദാനന്ദൻ,
content,voices.1.role,"Former Health Secretary, Kerala",മുൻ കേരള ആരോഗ്യ സെക്രട്ടറി,
content,voices.1.quote,"Reduce hospital dependency, control healthcare costs, and revive the family doctor system. The ideas resonate with the needs of the broader community.","ആശുപത്രി ആശ്രിതത്വം കുറയ്ക്കുക, ആരോഗ്യ സംരക്ഷണ ചെലവുകൾ നിയന്ത്രിക്കുക, കുടുംബ ഡോക്ടർ സംവിധാനത്തെ പുനരുജ്ജീവിപ്പിക്കുക. ആശയങ്ങൾ വിശാലമായ സമൂഹത്തിന്റെ ആവശ്യങ്ങളുമായി പ്രതിധ്വനിക്കുന്നു.",
content,voices.1.group,Policy,നയം,
content,voices.2.name,Dr Junaid Rehman,ഡോ. ജുനൈദ് റഹ്മാൻ,
content,voices.2.role,"Chairman, IMA Arike","ചെയർമാൻ, ഐഎംഎ അരികെ",
content,voices.2.quote,A revolutionary project. IMA Cochin is prepared to take on the challenges and lead it towards success.,വിപ്ലവകരമായ ഒരു പദ്ധതി. വെല്ലുവിളികളെ ഏറ്റെടുത്ത് വിജയത്തിലേക്ക് നയിക്കാൻ ഐഎംഎ കൊച്ചിൻ തയ്യാറാണ്.,
content,voices.2.group,Clinical,ക്ലിനിക്കൽ,
content,voices.3.name,KT Kurien,കെ.ടി. കുര്യൻ,
content,voices.3.role,"CEO & MP, Premji Invest","സിഇഒ & എംപി, പ്രേംജി ഇൻവെസ്റ്റ്",
content,voices.3.quote,"A timely intervention. Strong support, expressed via video message.","സമയോചിതമായ ഇടപെടൽ. ശക്തമായ പിന്തുണ, വീഡിയോ സന്ദേശത്തിലൂടെ പ്രകടിപ്പിച്ചു.",
content,voices.3.group,Industry,വ്യവസായം,
content,voices.4.name,Binod Hariharan,ബിനോദ് ഹരിഹരൻ,
content,voices.4.role,"Chairman, Pallium India",പാലിയം ഇന്ത്യയുടെ ചെയർമാൻ,
content,voices.4.quote,The palliative care model proves community capability. Scale that participation across all of healthcare.,പാലിയേറ്റീവ് കെയർ മാതൃക സമൂഹ ശേഷി തെളിയിക്കുന്നു. ആരോഗ്യ സംരക്ഷണത്തിന്റെ എല്ലാ മേഖലകളിലും ആ പങ്കാളിത്തം വർദ്ധിപ്പിക്കുക.,
content,voices.4.group,Community,സമൂഹം,
content,voices.5.name,Bodhish Thomas,ബോധിഷ് തോമസ്,
content,voices.5.role,"Director, OHC Network","ഡയറക്ടർ, OHC നെറ്റ്‌വർക്ക്",
content,voices.5.quote,Open Health Care Network can enable NNHC digitally. The success of palliative-care EMRs in Kerala is already proven.,ഓപ്പൺ ഹെൽത്ത് കെയർ നെറ്റ്‌വർക്കിന് എൻ‌എൻ‌എച്ച്‌സിയെ ഡിജിറ്റലായി പ്രാപ്തമാക്കാൻ കഴിയും. കേരളത്തിലെ പാലിയേറ്റീവ്-കെയർ ഇ‌എം‌ആറുകളുടെ വിജയം ഇതിനകം തെളിയിക്കപ്പെട്ടിട്ടുണ്ട്.,
content,voices.5.group,Tech,ടെക്,
content,voices.6.name,Abdul Majeed,അബ്ദുൾ മജീദ്,
content,voices.6.role,Easy Cook,എളുപ്പമുള്ള കുക്ക്,
content,voices.6.quote,"The ""Ente Gramam"" model - clustering 100 families into a functional unit - is a working precedent for neighbourhood-scale care.","100 കുടുംബങ്ങളെ ഒരു പ്രവർത്തന യൂണിറ്റായി കൂട്ടുന്ന ""എന്റെ ഗ്രാമം"" മാതൃക, അയൽപക്ക-തല പരിചരണത്തിന് ഒരു പ്രായോഗിക മാതൃകയാണ്.",
content,voices.6.group,Community,സമൂഹം,
content,voices.7.name,Dr Mathews Numpeli,ഡോ. മാത്യൂസ് നുമ്പേലി,
content,voices.7.role,Healthcare leader,ആരോഗ്യ സംരക്ഷണ നേതാവ്,
content,voices.7.quote,Build a structured system. Train professionals to support community care.,ഒരു ഘടനാപരമായ സംവിധാനം കെട്ടിപ്പടുക്കുക. കമ്മ്യൂണിറ്റി പരിചരണത്തെ പിന്തുണയ്ക്കാൻ പ്രൊഫഷണലുകളെ പരിശീലിപ്പിക്കുക.,
content,voices.7.group,Clinical,ക്ലിനിക്കൽ,
content,voices.8.name,Gibu P Mathew,ഗിബു പി മാത്യു,
content,voices.8.role,Builders Association of India,ബിൽഡേഴ്‌സ് അസോസിയേഷൻ ഓഫ് ഇന്ത്യ,
content,voices.8.quote,"Wheelchair access, wider doors and lifts, side rails - building age-friendly infrastructure into our designs.","വീൽചെയർ ആക്‌സസ്, വിശാലമായ വാതിലുകളും ലിഫ്റ്റുകളും, സൈഡ് റെയിലുകളും - പ്രായക്കാർക്ക് അനുയോജ്യമായ അടിസ്ഥാന സൗകര്യങ്ങൾ ഞങ്ങളുടെ ഡിസൈനുകളിൽ ഉൾപ്പെടുത്തിയിട്ടുണ്ട്.",
content,voices.8.group,Industry,വ്യവസായം,
content,voices.9.name,MG Praveen,എം ജി പ്രവീൺ,
content,voices.9.role,Community organiser,കമ്മ്യൂണിറ്റി ഓർഗനൈസർ,
content,voices.9.quote,"Many volunteers lack ownership. With guidance, they become active contributors.","പല വളണ്ടിയർമാർക്കും ഉടമസ്ഥാവകാശം കുറവാണ്. മാർഗ്ഗനിർദ്ദേശം ലഭിക്കുമ്പോൾ, അവർ സജീവ സംഭാവകരായി മാറുന്നു.",
content,voices.9.group,Community,സമൂഹം,
content,voices.10.name,Boney Thomas,ബോണി തോമസ്,
content,voices.10.role,Kochi Muziris Biennale,കൊച്ചി മുസിരിസ് ബിനാലെ,
content,voices.10.quote,Enhance public visibility and engagement through digital platforms.,ഡിജിറ്റൽ പ്ലാറ്റ്‌ഫോമുകളിലൂടെ പൊതുജനങ്ങളുടെ ദൃശ്യപരതയും ഇടപെടലും വർദ്ധിപ്പിക്കുക.,
content,voices.10.group,Community,സമൂഹം,
content,voices.11.name,Dr Varun,ഡോ. വരുൺ,
content,voices.11.role,"Cardiologist, Andhra","കാർഡിയോളജിസ്റ്റ്, ആന്ധ്ര",
content,voices.11.quote,Focus on unmet social determinants. Identify who needs what.,പാലിക്കപ്പെടാത്ത സാമൂഹിക നിർണ്ണായക ഘടകങ്ങളിൽ ശ്രദ്ധ കേന്ദ്രീകരിക്കുക. ആർക്കാണ് എന്താണ് വേണ്ടതെന്ന് തിരിച്ചറിയുക.,
content,voices.11.group,Clinical,ക്ലിനിക്കൽ,
# === CONTENT · ENGAGE PATHWAYS (6) ===,,,,
content,engage.1.for,Healthcare Professional,ആരോഗ്യ ശുശ്രൂഷാ പ്രൊഫഷണൽ,
content,engage.1.action1,Join your IMA district anchor team.,നിങ്ങളുടെ IMA ജില്ലാ ആങ്കർ ടീമിൽ ചേരൂ.,
content,engage.1.action2,Nominate yourself for the district specialist panel.,ജില്ലാ സ്പെഷ്യലിസ്റ്റ് പാനലിലേക്ക് നിങ്ങളെത്തന്നെ നാമനിർദ്ദേശം ചെയ്യുക.,
content,engage.1.action3,Mentor a younger colleague into community exposure.,ഒരു ഇളയ സഹപ്രവർത്തകനെ സമൂഹത്തിന്റെ ഇടപെടലുകളിലേക്ക് നയിക്കുക.,
content,engage.1.action4,Pilot the family doctor relationship in your existing practice.,നിങ്ങളുടെ നിലവിലുള്ള പ്രാക്ടീസിൽ കുടുംബ ഡോക്ടർ ബന്ധം പൈലറ്റ് ചെയ്യുക.,
content,engage.2.for,Foundation or Donor,ഫൗണ്ടേഷൻ അല്ലെങ്കിൽ ദാതാവ്,
content,engage.2.action1,"Engage as a partnering core member, not a transactional donor.","ഒരു ഇടപാട് ദാതാവായിട്ടല്ല, ഒരു പങ്കാളിത്ത കോർ അംഗമായി ഇടപെടുക.",
content,engage.2.action2,Co-design care programs with IMA leadership through the SPV.,എസ്‌പി‌വി വഴി ഐ‌എം‌എ നേതൃത്വവുമായി സഹകരിച്ച് പരിചരണ പരിപാടികൾ രൂപകൽപ്പന ചെയ്യുക.,
content,engage.2.action3,Sponsor a district's gap-assessment and pilot deployment.,ഒരു ജില്ലയുടെ വിടവ് വിലയിരുത്തലും പൈലറ്റ് വിന്യാസവും സ്പോൺസർ ചെയ്യുക.,
content,engage.2.action4,Place a representative on the SPV core.,SPV കോറിൽ ഒരു പ്രതിനിധിയെ നിയമിക്കുക.,
content,engage.3.for,Trade or Industry Association,വ്യാപാര അല്ലെങ്കിൽ വ്യവസായ അസോസിയേഷൻ,
content,engage.3.action1,Convene your executive committee for an NNHC orientation.,ഒരു NNHC ഓറിയന്റേഷനായി നിങ്ങളുടെ എക്സിക്യൂട്ടീവ് കമ്മിറ്റി വിളിച്ചുകൂട്ടുക.,
content,engage.3.action2,Share your district-level office bearer list.,നിങ്ങളുടെ ജില്ലാതല ഭാരവാഹി പട്ടിക പങ്കിടുക.,
content,engage.3.action3,Identify community touchpoints inside your network.,നിങ്ങളുടെ നെറ്റ്‌വർക്കിനുള്ളിലെ കമ്മ്യൂണിറ്റി ടച്ച്‌പോയിന്റുകൾ തിരിച്ചറിയുക.,
content,engage.3.action4,Nominate two leaders as ex-officio SPV members.,രണ്ട് നേതാക്കളെ എക്സ്-ഒഫീഷ്യോ എസ്പിവി അംഗങ്ങളായി നാമനിർദ്ദേശം ചെയ്യുക.,
content,engage.4.for,Residents' or Flat Owners' Association,റെസിഡന്റ്സ് അല്ലെങ്കിൽ ഫ്ലാറ്റ് ഓണേഴ്‌സ് അസോസിയേഷൻ,
content,engage.4.action1,Surface NNHC at your next association meeting.,നിങ്ങളുടെ അടുത്ത അസോസിയേഷൻ മീറ്റിംഗിൽ NNHC യെക്കുറിച്ച് ചർച്ച ചെയ്യുക.,
content,engage.4.action2,"Map who in your block already needs care, formally or informally.",നിങ്ങളുടെ ബ്ലോക്കിലുള്ള ആർക്കൊക്കെയാണ് ഔപചാരികമായോ അനൗപചാരികമായോ പരിചരണം ആവശ്യമുള്ളതെന്ന് മാപ്പ് ചെയ്യുക.,
content,engage.4.action3,Volunteer for a structured role.,ഒരു ഘടനാപരമായ റോളിനായി സന്നദ്ധസേവനം നടത്തുക.,
content,engage.4.action4,Connect to your district coordination committee.,നിങ്ങളുടെ ജില്ലാ ഏകോപന സമിതിയുമായി ബന്ധപ്പെടുക.,
content,engage.5.for,Local Government / Public Health,തദ്ദേശ സ്വയംഭരണം / പൊതുജനാരോഗ്യം,
content,engage.5.action1,Engage through District Panchayat President or municipal body.,ജില്ലാ പഞ്ചായത്ത് പ്രസിഡന്റ് അല്ലെങ്കിൽ മുനിസിപ്പൽ ബോഡി വഴി ഇടപെടുക.,
content,engage.5.action2,"Align ASHA, Community Nurse, and PHC schedules with neighbourhood teams.","ആശ, കമ്മ്യൂണിറ്റി നഴ്‌സ്, പിഎച്ച്‌സി ഷെഡ്യൂളുകൾ അയൽപക്ക ടീമുകളുമായി യോജിപ്പിക്കുക.",
content,engage.5.action3,Co-define ward-level care coverage targets.,വാർഡ് തല പരിചരണ കവറേജ് ലക്ഷ്യങ്ങൾ ഒരുമിച്ച് നിർവചിക്കുക.,
content,engage.5.action4,Use coordination dashboards for joint planning.,സംയുക്ത ആസൂത്രണത്തിനായി ഏകോപന ഡാഷ്‌ബോർഡുകൾ ഉപയോഗിക്കുക.,
content,engage.6.for,"Software, Data, Open Systems","സോഫ്റ്റ്‌വെയർ, ഡാറ്റ, ഓപ്പൺ സിസ്റ്റങ്ങൾ",
content,engage.6.action1,Contribute to Open Health Care Network.,ഓപ്പൺ ഹെൽത്ത് കെയർ നെറ്റ്‌വർക്കിലേക്ക് സംഭാവന ചെയ്യുക.,
content,engage.6.action2,Help integrate EMR with Community Medical Records.,കമ്മ്യൂണിറ്റി മെഡിക്കൽ റെക്കോർഡുകളുമായി EMR സംയോജിപ്പിക്കാൻ സഹായിക്കുക.,
content,engage.6.action3,Build dashboards the five stakeholder groups will actually use.,അഞ്ച് പങ്കാളി ഗ്രൂപ്പുകൾ യഥാർത്ഥത്തിൽ ഉപയോഗിക്കുന്ന ഡാഷ്‌ബോർഡുകൾ നിർമ്മിക്കുക.,
content,engage.6.action4,Bring deployment lessons from palliative care into NNHC.,പാലിയേറ്റീവ് കെയറിൽ നിന്നുള്ള വിന്യാസ പാഠങ്ങൾ എൻഎൻഎച്ച്സിയിലേക്ക് കൊണ്ടുവരിക.,
# === CONTENT · FAQS (7) ===,,,,
content,faqs.1.q,Which care seekers will the network serve at the start?,തുടക്കത്തിൽ ഏതൊക്കെ പരിചരണ അന്വേഷകർക്കാണ് നെറ്റ്‌വർക്ക് സേവനം നൽകുക?,
content,faqs.1.a,"Any kind of care seeker is welcome. Delivery extends from Home → Family Clinic → Hospital and includes specialised institutions for advanced care. Where capacity is constrained, requests enter a queue and are addressed as the network scales.","ഏത് തരത്തിലുള്ള പരിചരണം തേടുന്നവരെയും സ്വാഗതം ചെയ്യുന്നു. ഹോം → ഫാമിലി ക്ലിനിക് → ആശുപത്രി വരെയുള്ള ഡെലിവറി ഇതിൽ വിപുലമായ പരിചരണത്തിനുള്ള പ്രത്യേക സ്ഥാപനങ്ങളും ഉൾപ്പെടുന്നു. ശേഷി പരിമിതമാകുന്നിടത്ത്, അഭ്യർത്ഥനകൾ ഒരു ക്യൂവിൽ പ്രവേശിക്കുകയും നെറ്റ്‌വർക്ക് സ്കെയിലുകളായി പരിഗണിക്കപ്പെടുകയും ചെയ്യുന്നു.",
content,faqs.2.q,Who counts as a caregiver?,ആരെയാണ് പരിചാരകനായി കണക്കാക്കുന്നത്?,
content,faqs.2.a,"Anyone who provides care: the care seeker themselves, relatives, friends, neighbours, and healthcare professionals visiting homes or working in institutions. The network coordinates this spectrum so each layer supports the next.","പരിചരണം നൽകുന്ന ആർക്കും: പരിചരണം തേടുന്നവർ, ബന്ധുക്കൾ, സുഹൃത്തുക്കൾ, അയൽക്കാർ, വീടുകൾ സന്ദർശിക്കുന്നവരോ സ്ഥാപനങ്ങളിൽ ജോലി ചെയ്യുന്നവരോ ആയ ആരോഗ്യ സംരക്ഷണ വിദഗ്ധർ. ഓരോ ലെയറും അടുത്തതിനെ പിന്തുണയ്ക്കുന്ന തരത്തിൽ നെറ്റ്‌വർക്ക് ഈ സ്പെക്ട്രത്തെ ഏകോപിപ്പിക്കുന്നു.",
content,faqs.3.q,"What forms a ""community"" in this model?","ഈ മാതൃകയിൽ ഒരു ""സമൂഹം"" രൂപപ്പെടുന്നത് എന്താണ്?",
content,faqs.3.a,"A homogeneous group identified by a common thread of unity - geographical (a ward, a colony) or personal (shared identity, occupation, condition). Natural community boundaries are respected rather than overwritten with administrative ones.","ഭൂമിശാസ്ത്രപരമായ (ഒരു വാർഡ്, ഒരു കോളനി) അല്ലെങ്കിൽ വ്യക്തിപരമായ (പങ്കിട്ട ഐഡന്റിറ്റി, തൊഴിൽ, അവസ്ഥ) ഐക്യത്തിന്റെ പൊതുവായ ഒരു നൂൽ കൊണ്ട് തിരിച്ചറിയപ്പെടുന്ന ഒരു ഏകീകൃത ഗ്രൂപ്പ്. ഭരണപരമായ അതിരുകൾ ഉപയോഗിച്ച് തിരുത്തിയെഴുതുന്നതിനുപകരം സ്വാഭാവിക സമൂഹ അതിർത്തികളെ ബഹുമാനിക്കുന്നു.",
content,faqs.4.q,How does the SPV relate to IMA and to sponsors?,ഐ‌എം‌എയുമായും സ്പോൺസർമാരുമായും എസ്‌പി‌വി എങ്ങനെ ബന്ധപ്പെട്ടിരിക്കുന്നു?,
content,faqs.4.a,"The SPV is led by IMA. Sponsors form the core; trade association leaders sit as ex-officio members. Medical leadership, philanthropic capital, and community-facing institutions hold accountability together.","ഐഎംഎയാണ് എസ്‌പിവിയെ നയിക്കുന്നത്. സ്പോൺസർമാരാണ് പ്രധാനികൾ; ട്രേഡ് അസോസിയേഷൻ നേതാക്കൾ എക്സ്-ഒഫീഷ്യോ അംഗങ്ങളായി ഇരിക്കുന്നു. മെഡിക്കൽ നേതൃത്വം, ജീവകാരുണ്യ മൂലധനം, സമൂഹത്തെ ലക്ഷ്യം വച്ചുള്ള സ്ഥാപനങ്ങൾ എന്നിവ ഒരുമിച്ച് ഉത്തരവാദിത്തം വഹിക്കുന്നു.",
content,faqs.5.q,Where will the pilot run?,പൈലറ്റ് എവിടേക്ക് ഓടും?,
content,faqs.5.a,"District coordination committees begin in Malappuram, Ernakulam, Kottayam, and Thiruvananthapuram. Initial deployment across 100 places in Kerala, pioneered at the district level.","മലപ്പുറം, എറണാകുളം, കോട്ടയം, തിരുവനന്തപുരം എന്നിവിടങ്ങളിൽ ജില്ലാ ഏകോപന സമിതികൾ ആരംഭിക്കുന്നു. കേരളത്തിലെ 100 സ്ഥലങ്ങളിൽ പ്രാരംഭ വിന്യാസം, ജില്ലാ തലത്തിൽ തുടക്കമിട്ടു.",
content,faqs.6.q,How will technology be handled?,സാങ്കേതികവിദ്യ എങ്ങനെ കൈകാര്യം ചെയ്യും?,
content,faqs.6.a,Open Health Care Network as the open-source foundation. EMR + Community Medical Records integrated with a unified coordination dashboard. Kerala palliative-care EMR experience provides direct precedent.,ഓപ്പൺ സോഴ്‌സ് ഫൗണ്ടേഷനായി ഓപ്പൺ ഹെൽത്ത് കെയർ നെറ്റ്‌വർക്ക്. ഏകീകൃത ഏകോപന ഡാഷ്‌ബോർഡുമായി സംയോജിപ്പിച്ചിരിക്കുന്ന ഇഎംആർ + കമ്മ്യൂണിറ്റി മെഡിക്കൽ റെക്കോർഡുകൾ. കേരള പാലിയേറ്റീവ്-കെയർ ഇഎംആർ അനുഭവം നേരിട്ടുള്ള മാതൃക നൽകുന്നു.,
content,faqs.7.q,How does the network avoid commercialisation of care?,പരിചരണത്തിന്റെ വാണിജ്യവൽക്കരണം നെറ്റ്‌വർക്ക് എങ്ങനെ ഒഴിവാക്കും?,
content,faqs.7.a,"Cross-subsidy: those who can afford care contribute to support those who cannot. Industry support is in-kind contribution and partnership, not transactional service-buying. The SPV keeps medical leadership at the centre.","ക്രോസ്-സബ്സിഡി: പരിചരണം നൽകാൻ കഴിയുന്നവർ അത് ചെയ്യാത്തവരെ പിന്തുണയ്ക്കാൻ സംഭാവന ചെയ്യുന്നു. വ്യവസായ പിന്തുണ എന്നത് ഇടപാട് സംബന്ധമായ സേവനങ്ങൾ വാങ്ങലല്ല, മറിച്ച് സ്വന്തം സംഭാവനയും പങ്കാളിത്തവുമാണ്. എസ്‌പി‌വി മെഡിക്കൽ നേതൃത്വത്തെ കേന്ദ്രത്തിൽ നിലനിർത്തുന്നു.",
# === CONTENT · GLOSSARY (12) ===,,,,
content,glossary.IMA.term,IMA,ഐ.എം.എ.,
content,glossary.IMA.meaning,Indian Medical Association. The largest body of medical doctors in India. NNHC is convened by IMA Cochin.,ഇന്ത്യൻ മെഡിക്കൽ അസോസിയേഷൻ. ഇന്ത്യയിലെ ഏറ്റവും വലിയ മെഡിക്കൽ ഡോക്ടർമാരുടെ സംഘടന. ഐഎംഎ കൊച്ചിൻ ആണ് എൻഎൻഎച്ച്സി വിളിച്ചുകൂട്ടുന്നത്.,
content,glossary.Arike.term,Arike,അരികെ,
content,glossary.Arike.meaning,IMA's existing community palliative care initiative; demonstrates community capability for end-of-life care.,ഐഎംഎയുടെ നിലവിലുള്ള കമ്മ്യൂണിറ്റി പാലിയേറ്റീവ് കെയർ സംരംഭം; ജീവിതാവസാന പരിചരണത്തിനുള്ള കമ്മ്യൂണിറ്റി ശേഷി പ്രകടമാക്കുന്നു.,
content,glossary.SPV.term,SPV,എസ്‌പി‌വി,
content,glossary.SPV.meaning,"Special Purpose Vehicle. The accountable legal entity that runs the mission, led by IMA.",സ്പെഷ്യൽ പർപ്പസ് വെഹിക്കിൾ. ഐഎംഎ നയിക്കുന്ന ദൗത്യം നടത്തുന്ന ഉത്തരവാദിത്തമുള്ള നിയമപരമായ സ്ഥാപനം.,
content,glossary.HCP.term,HCP,എച്ച്.സി.പി.,
content,glossary.HCP.meaning,"Health Care Professional. Doctors, dentists, nurses, therapists, technicians.","ആരോഗ്യ പരിപാലന വിദഗ്ദ്ധർ. ഡോക്ടർമാർ, ദന്തഡോക്ടർമാർ, നഴ്‌സുമാർ, തെറാപ്പിസ്റ്റുകൾ, ടെക്‌നീഷ്യൻമാർ.",
content,glossary.LSG.term,LSG,തദ്ദേശ സ്വയംഭരണ സ്ഥാപനം,
content,glossary.LSG.meaning,"Local Self Government. Panchayats, Municipal bodies, ASHA workers, Community Nurses, PHC Medical Officers.","തദ്ദേശ സ്വയംഭരണ സ്ഥാപനങ്ങൾ. പഞ്ചായത്തുകൾ, മുനിസിപ്പൽ സ്ഥാപനങ്ങൾ, ആശാ പ്രവർത്തകർ, കമ്മ്യൂണിറ്റി നഴ്‌സുമാർ, പിഎച്ച്‌സി മെഡിക്കൽ ഓഫീസർമാർ.",
content,glossary.SSO.term,SSO,എസ്.എസ്.ഒ.,
content,glossary.SSO.meaning,"Social Service Organisations. Charitable trusts, palliative bodies, community service groups.","സാമൂഹിക സേവന സംഘടനകൾ. ചാരിറ്റബിൾ ട്രസ്റ്റുകൾ, പാലിയേറ്റീവ് ബോഡികൾ, കമ്മ്യൂണിറ്റി സർവീസ് ഗ്രൂപ്പുകൾ.",
content,glossary.EMRCMR.term,EMR / CMR,ഇഎംആർ / സിഎംആർ,
content,glossary.EMRCMR.meaning,Electronic Medical Records (clinical) and Community Medical Records (community-level) - integrated into one continuous view.,ഇലക്ട്രോണിക് മെഡിക്കൽ റെക്കോർഡുകൾ (ക്ലിനിക്കൽ) കമ്മ്യൂണിറ്റി മെഡിക്കൽ റെക്കോർഡുകൾ (കമ്മ്യൂണിറ്റി ലെവൽ) - ഒരു തുടർച്ചയായ കാഴ്ചയിലേക്ക് സംയോജിപ്പിച്ചിരിക്കുന്നു.,
content,glossary.OHC.term,OHC Network,OHC നെറ്റ്‌വർക്ക്,
content,glossary.OHC.meaning,Open Health Care Network. The open-source platform partner enabling the digital backbone of NNHC.,ഓപ്പൺ ഹെൽത്ത് കെയർ നെറ്റ്‌വർക്ക്. എൻഎൻഎച്ച്സിയുടെ ഡിജിറ്റൽ നട്ടെല്ല് പ്രാപ്തമാക്കുന്ന ഓപ്പൺ സോഴ്‌സ് പ്ലാറ്റ്‌ഫോം പങ്കാളി.,
content,glossary.IRDAI.term,IRDAI,ഇആർഡിഎഐ,
content,glossary.IRDAI.meaning,Insurance Regulatory and Development Authority of India. Policy alignment needed for preventive-care insurance.,ഇൻഷുറൻസ് റെഗുലേറ്ററി ആൻഡ് ഡെവലപ്‌മെന്റ് അതോറിറ്റി ഓഫ് ഇന്ത്യ. പ്രതിരോധ പരിചരണ ഇൻഷുറൻസിന് പോളിസി അലൈൻമെന്റ് ആവശ്യമാണ്.,
content,glossary.EnteGramam.term,Ente Gramam,എന്റെ ഗ്രാമം,
content,glossary.EnteGramam.meaning,"Malayalam for ""My Village"". A community model that clusters 100 families into a functional unit.","""എന്റെ ഗ്രാമം"" എന്നതിന്റെ മലയാളം. 100 കുടുംബങ്ങളെ ഒരു പ്രവർത്തന യൂണിറ്റായി കൂട്ടുന്ന ഒരു കമ്മ്യൂണിറ്റി മോഡൽ.",
content,glossary.FamilyClinic.term,Family Clinic,ഫാമിലി ക്ലിനിക്,
content,glossary.FamilyClinic.meaning,The neighbourhood-scale clinical unit between the home and the hospital.,വീടിനും ആശുപത്രിക്കും ഇടയിലുള്ള അയൽപക്ക-സ്കെയിൽ ക്ലിനിക്കൽ യൂണിറ്റ്.,
content,glossary.BioCluster.term,Bio Cluster,ബയോ ക്ലസ്റ്റർ,
content,glossary.BioCluster.meaning,"A district-level model organising hospitals, specialists, and logistics around natural geographic catchments.","പ്രകൃതിദത്ത ഭൂമിശാസ്ത്രപരമായ വൃഷ്ടിപ്രദേശങ്ങൾക്ക് ചുറ്റുമുള്ള ആശുപത്രികൾ, സ്പെഷ്യലിസ്റ്റുകൾ, ലോജിസ്റ്റിക്സ് എന്നിവ സംഘടിപ്പിക്കുന്ന ഒരു ജില്ലാതല മാതൃക.",
# === CONTENT · RESOURCING (5) ===,,,,
content,resourcing.1.title,Leadership Team Cost,നേതൃത്വ ടീം ചെലവ്,
content,resourcing.1.body,Compensation and operating support for the core team accountable for delivering the mission across districts.,ജില്ലകളിലുടനീളം ദൗത്യം എത്തിക്കുന്നതിന് ഉത്തരവാദിത്തമുള്ള കോർ ടീമിനുള്ള നഷ്ടപരിഹാരവും പ്രവർത്തന പിന്തുണയും.,
content,resourcing.2.title,IMA Capacity Building,ഐഎംഎ ശേഷി വികസനം,
content,resourcing.2.body,"Investment in the five capabilities under Track Four: capacity mapping, speciality distribution, information systems, leadership, inventory.","ട്രാക്ക് ഫോർ വിഭാഗത്തിലെ അഞ്ച് കഴിവുകളിൽ നിക്ഷേപം നടത്തുക: ശേഷി മാപ്പിംഗ്, സ്പെഷ്യാലിറ്റി വിതരണം, വിവര സംവിധാനങ്ങൾ, നേതൃത്വം, ഇൻവെന്ററി.",
content,resourcing.3.title,Operating Cost,പ്രവർത്തന ചെലവ്,
content,resourcing.3.body,"Recurring expenses for district coordination committees, family clinics, neighbourhood systems, and field operations.","ജില്ലാ ഏകോപന സമിതികൾ, കുടുംബ ക്ലിനിക്കുകൾ, അയൽപക്ക സംവിധാനങ്ങൾ, ഫീൽഡ് പ്രവർത്തനങ്ങൾ എന്നിവയ്ക്കുള്ള ആവർത്തിച്ചുള്ള ചെലവുകൾ.",
content,resourcing.4.title,Digital Infrastructure,ഡിജിറ്റൽ ഇൻഫ്രാസ്ട്രക്ചർ,
content,resourcing.4.body,"Build and maintenance of the coordination dashboard, EMR/CMR integration, and home-monitoring technology.","കോർഡിനേഷൻ ഡാഷ്‌ബോർഡ്, ഇഎംആർ/സിഎംആർ സംയോജനം, ഹോം-മോണിറ്ററിംഗ് സാങ്കേതികവിദ്യ എന്നിവയുടെ നിർമ്മാണവും പരിപാലനവും.",
content,resourcing.5.title,Patient Sponsorships,രോഗി സ്പോൺസർഷിപ്പുകൾ,
content,resourcing.5.body,"Direct sponsorship of care for patients who cannot afford it, structured under the cross-subsidy principle.","ക്രോസ്-സബ്സിഡി തത്വത്തിന് കീഴിൽ ക്രമീകരിച്ച, താങ്ങാനാവാത്ത രോഗികൾക്ക് പരിചരണത്തിനുള്ള നേരിട്ടുള്ള സ്പോൺസർഷിപ്പ്.",
# === EXPLAIN MODAL ===,,,,
explain,explain.fabLabel,Explain NNHC to me,എൻ‌എൻ‌എച്ച്‌സിയെക്കുറിച്ച് എനിക്ക് വിശദീകരിക്കുക,Floating-action-button label
explain,explain.back,Back,തിരികെ,
explain,explain.next,Next,അടുത്തത്,
explain,explain.close,Close,അടയ്ക്കുക,
explain,explain.pageOf,{i} / {n},{i} / {n},
explain,explain.page1.kicker,01 · The idea,01 · ആശയം,
explain,explain.page1.title,"Care, closer to home.","കരുതൽ, വീടിനടുത്ത്.",
explain,explain.page1.body,"NNHC is a community-led, home-based healthcare system. The goal is simple: most care happens in or near your home, held by people you already know.","എൻ‌എൻ‌എച്ച്‌സി ഒരു കമ്മ്യൂണിറ്റി നേതൃത്വത്തിലുള്ള, വീടുകളിൽ അധിഷ്ഠിതമായ ആരോഗ്യ സംരക്ഷണ സംവിധാനമാണ്. ലക്ഷ്യം ലളിതമാണ്: മിക്ക പരിചരണവും നിങ്ങളുടെ വീട്ടിലോ സമീപത്തോ ആണ് നടക്കുന്നത്, നിങ്ങൾക്ക് ഇതിനകം അറിയാവുന്ന ആളുകളുടെ കൈവശമാണ്.",
explain,explain.page2.kicker,02 · The problem,02 · പ്രശ്നം,
explain,explain.page2.title,Hospitals are doing work that homes used to do.,വീടുകൾ മുമ്പ് ചെയ്തിരുന്ന ജോലികൾ ആശുപത്രികൾ ചെയ്യുന്നു.,
explain,explain.page2.body,The family doctor has thinned out. Specialist hospitals absorb routine conditions. Records live in silos. Costs spiral. Five frictions show up in every conversation.,കുടുംബ ഡോക്ടർ ക്ഷീണിതനായി. സ്പെഷ്യലിസ്റ്റ് ആശുപത്രികൾ പതിവ് അവസ്ഥകളെ ആഗിരണം ചെയ്യുന്നു. റെക്കോർഡുകൾ സിലോകളിൽ ജീവിക്കുന്നു. ചെലവുകൾ സർപ്പിളമായി. ഓരോ സംഭാഷണത്തിലും അഞ്ച് സംഘർഷങ്ങൾ പ്രത്യക്ഷപ്പെടുന്നു.,
explain,explain.page3.kicker,03 · The model,03 · മോഡൽ,
explain,explain.page3.title,"Five groups, one neighbourhood.","അഞ്ച് ഗ്രൂപ്പുകൾ, ഒരു അയൽപക്കം.",
explain,explain.page3.body,"Healthcare professionals, public-health systems, neighbours, charities, and foundations meet around a single household. Not five verticals - one horizontal.","ആരോഗ്യ സംരക്ഷണ വിദഗ്ധർ, പൊതുജനാരോഗ്യ സംവിധാനങ്ങൾ, അയൽക്കാർ, ചാരിറ്റികൾ, ഫൗണ്ടേഷനുകൾ എന്നിവയെല്ലാം ഒരു കുടുംബത്തിന് ചുറ്റും ഒത്തുചേരുന്നു. അഞ്ച് ലംബങ്ങളല്ല - ഒരു തിരശ്ചീന സ്ഥാനം.",
explain,explain.page4.kicker,04 · The unit,04 · യൂണിറ്റ്,
explain,explain.page4.title,Start at the smallest scale that still has trust.,വിശ്വാസമുള്ള ഏറ്റവും ചെറിയ സ്കെയിലിൽ നിന്ന് ആരംഭിക്കുക.,
explain,explain.page4.body,"A neighbourhood of around a hundred families. Small enough to know each other; large enough to sustain a clinic, a circle of volunteers, and a working record.","നൂറോളം കുടുംബങ്ങൾ താമസിക്കുന്ന ഒരു അയൽപക്കം. പരസ്പരം അറിയാൻ മാത്രം ചെറുത്; ഒരു ക്ലിനിക്കിനും, വളണ്ടിയർമാരുടെ ഒരു സർക്കിളിനും, ഒരു പ്രവർത്തന റെക്കോർഡിനും മാത്രം പര്യാപ്തമായ സ്ഥലം.",
explain,explain.page5.kicker,05 · What we're doing,05 · നമ്മൾ എന്താണ് ചെയ്യുന്നത്,
explain,explain.page5.title,"Convening, mapping, prototyping.","കൺവീനിംഗ്, മാപ്പിംഗ്, പ്രോട്ടോടൈപ്പിംഗ്.",
explain,explain.page5.body,"A Visioning Workshop brought together clinicians, policy-makers, technologists, and community leaders. The work continues with neighbourhood pilots, tooling, and policy.","ക്ലിനിക്കുകൾ, നയരൂപീകരണ വിദഗ്ധർ, സാങ്കേതിക വിദഗ്ധർ, കമ്മ്യൂണിറ്റി നേതാക്കൾ എന്നിവരെ ഒരുമിച്ച് കൊണ്ടുവന്ന ഒരു വിഷനിംഗ് വർക്ക്‌ഷോപ്പ്. അയൽപക്ക പൈലറ്റുകൾ, ഉപകരണങ്ങൾ, നയരൂപീകരണം എന്നിവയുമായി ബന്ധപ്പെട്ട പ്രവർത്തനങ്ങൾ തുടരുന്നു.",
explain,explain.page6.kicker,06 · How to engage,06 · എങ്ങനെ ഇടപെടാം,
explain,explain.page6.title,Bring your capability.,നിങ്ങളുടെ കഴിവ് കൊണ്ടുവരിക.,
explain,explain.page6.body,"Read the model, find the group you align with, and tell us what you can contribute - funds, people, infrastructure, time, or trust.","മോഡൽ വായിക്കുക, നിങ്ങൾ ചേരുന്ന ഗ്രൂപ്പിനെ കണ്ടെത്തുക, നിങ്ങൾക്ക് എന്ത് സംഭാവന ചെയ്യാൻ കഴിയുമെന്ന് ഞങ്ങളോട് പറയുക - ഫണ്ടുകൾ, ആളുകൾ, അടിസ്ഥാന സൗകര്യങ്ങൾ, സമയം അല്ലെങ്കിൽ വിശ്വാസം.",
# === CONTACT MODAL ===,,,,
contact,contact.title,Get in touch,ബന്ധപ്പെടുക,
contact,contact.subtitle,Tell us who you are and what you bring. We'll route it to the right part of the network.,നിങ്ങൾ ആരാണെന്നും എന്താണ് കൊണ്ടുവരുന്നതെന്നും ഞങ്ങളോട് പറയൂ. ഞങ്ങൾ അത് നെറ്റ്‌വർക്കിന്റെ ശരിയായ ഭാഗത്തേക്ക് റൂട്ട് ചെയ്യും.,
contact,contact.field.name,Name,പേര്,
contact,contact.field.email,Email,ഇമെയിൽ,
contact,contact.field.role,I am a,ഞാൻ ഒരു,
contact,contact.field.message,Message,സന്ദേശം,
contact,contact.message.placeholder,"What you bring (funds, people, software, your block of homes…) and what you'd like to discuss.","നിങ്ങൾ കൊണ്ടുവരുന്നവ (ഫണ്ടുകൾ, ആളുകൾ, സോഫ്റ്റ്‌വെയർ, നിങ്ങളുടെ വീടുകളുടെ ബ്ലോക്ക്...) കൂടാതെ നിങ്ങൾ ചർച്ച ചെയ്യാൻ ആഗ്രഹിക്കുന്നവയും.",
contact,contact.role.hcp,Healthcare professional,ആരോഗ്യ ശുശ്രൂഷാ പ്രൊഫഷണൽ,
contact,contact.role.public,Public-health system,പൊതുജനാരോഗ്യ സംവിധാനം,
contact,contact.role.neighbour,Neighbour / community,അയൽക്കാരൻ / സമൂഹം,
contact,contact.role.charity,Charity / NGO,ചാരിറ്റി / എൻ‌ജി‌ഒ,
contact,contact.role.foundation,Foundation / funder,ഫൗണ്ടേഷൻ / ധനസഹായം നൽകുന്നയാൾ,
contact,contact.role.researcher,Researcher,ഗവേഷകൻ,
contact,contact.role.tech,Technologist,ടെക്നോളജിസ്റ്റ്,
contact,contact.role.other,Other,മറ്റുള്ളവ,
contact,contact.privacy,We'll only use your details to reply.,മറുപടി നൽകാൻ മാത്രമേ ഞങ്ങൾ നിങ്ങളുടെ വിശദാംശങ്ങൾ ഉപയോഗിക്കൂ.,
contact,contact.cancel,Cancel,റദ്ദാക്കുക,
contact,contact.submit,Send message,സന്ദേശം അയയ്ക്കുക,
contact,contact.sending,Sending…,അയയ്ക്കുന്നു...,
contact,contact.closeAria,Close contact form,കോൺടാക്റ്റ് ഫോം അടയ്ക്കുക,
contact,contact.success,Thanks - your message is on its way. We'll route it to the right part of the network and reply to {email} shortly.,നന്ദി - നിങ്ങളുടെ സന്ദേശം വന്നുകൊണ്ടിരിക്കുകയാണ്. ഞങ്ങൾ അത് നെറ്റ്‌വർക്കിന്റെ ശരിയായ ഭാഗത്തേക്ക് റൂട്ട് ചെയ്യുകയും {email} എന്നതിലേക്ക് ഉടൻ മറുപടി നൽകുകയും ചെയ്യും.,
contact,contact.refLabel,Your reference,നിങ്ങളുടെ റഫറൻസ്,
contact,contact.refHint,Quote this if you follow up by email.,ഇമെയിൽ വഴി ഫോളോ അപ്പ് ചെയ്യുകയാണെങ്കിൽ ഇത് ഉദ്ധരിക്കുക.,
contact,contact.emailPrefer,Prefer email? Write to {address}.,ഇമെയിൽ വേണോ? {address} എന്ന വിലാസത്തിലേക്ക് എഴുതുക.,
contact,contact.successClose,Close,അടയ്ക്കുക,
contact,contact.error.generic,Something went wrong. Please try again.,എന്തോ കുഴപ്പം സംഭവിച്ചു. വീണ്ടും ശ്രമിക്കുക.,
contact,contact.error.network,Network error. Please try again or email us directly.,നെറ്റ്‌വർക്ക് പിശക്. വീണ്ടും ശ്രമിക്കുക അല്ലെങ്കിൽ ഞങ്ങൾക്ക് നേരിട്ട് ഇമെയിൽ ചെയ്യുക.,
contact,contact.error.fallback,Email us instead,പകരം ഞങ്ങൾക്ക് ഇമെയിൽ അയയ്ക്കുക,
# === VISION REDIRECT ===,,,,
redirect,redirect.title,Redirecting…,റീഡയറക്‌ട് ചെയ്യുന്നു...,
redirect,redirect.movedTo,This page has moved to {path}.,ഈ പേജ് {path} ലേക്ക് നീക്കിയിരിക്കുന്നു.,
redirect,redirect.autoText,You will be redirected automatically to /model in 10 seconds.,10 സെക്കൻഡിനുള്ളിൽ നിങ്ങളെ /model-ലേക്ക് സ്വയമേവ റീഡയറക്‌ടുചെയ്യും.,
redirect,redirect.cancel,Cancel auto-redirect,ഓട്ടോ-റീഡയറക്‌ട് റദ്ദാക്കുക,
redirect,redirect.goNow,Go now,ഇപ്പോൾ പോകൂ,